delivery_id,supplier_id,delivery_date,planned_quantity,actual_quantity,ontime_rate,quality_score,created_date
1,49,2024-01-01,193,200,0.78,0.939,2024-01-01 00:00:00
2,70,2024-01-01,142,129,1.0,0.933,2024-01-01 00:00:00
3,60,2024-01-02,412,430,1.0,0.86,2024-01-02 00:00:00
4,53,2024-01-02,394,462,1.0,0.945,2024-01-02 00:00:00
5,31,2024-01-02,179,163,1.0,0.861,2024-01-02 00:00:00
6,62,2024-01-03,348,301,1.0,0.926,2024-01-03 00:00:00
7,89,2024-01-03,264,219,1.0,0.984,2024-01-03 00:00:00
8,69,2024-01-03,354,337,1.0,0.863,2024-01-03 00:00:00
9,85,2024-01-04,390,355,0.98,0.952,2024-01-04 00:00:00
10,97,2024-01-05,219,243,1.0,0.915,2024-01-05 00:00:00
11,2,2024-01-05,100,99,1.0,0.937,2024-01-05 00:00:00
12,29,2024-01-06,278,311,1.0,0.919,2024-01-06 00:00:00
13,87,2024-01-06,351,343,1.0,0.922,2024-01-06 00:00:00
14,38,2024-01-06,262,248,1.0,0.863,2024-01-06 00:00:00
15,19,2024-01-07,228,218,1.0,0.922,2024-01-07 00:00:00
16,61,2024-01-07,99,109,1.0,0.955,2024-01-07 00:00:00
17,41,2024-01-07,84,79,0.92,0.947,2024-01-07 00:00:00
18,22,2024-01-08,429,503,1.0,0.876,2024-01-08 00:00:00
19,21,2024-01-08,219,167,1.0,0.911,2024-01-08 00:00:00
20,24,2024-01-08,145,131,1.0,0.915,2024-01-08 00:00:00
21,95,2024-01-09,364,393,1.0,0.851,2024-01-09 00:00:00
22,27,2024-01-10,192,177,1.0,0.971,2024-01-10 00:00:00
23,74,2024-01-11,102,105,1.0,0.88,2024-01-11 00:00:00
24,34,2024-01-12,393,346,1.0,0.929,2024-01-12 00:00:00
25,41,2024-01-13,355,327,0.67,0.919,2024-01-13 00:00:00
26,23,2024-01-13,466,495,1.0,0.97,2024-01-13 00:00:00
27,79,2024-01-13,352,368,0.65,0.877,2024-01-13 00:00:00
28,19,2024-01-14,311,319,1.0,0.939,2024-01-14 00:00:00
29,74,2024-01-14,246,220,1.0,0.988,2024-01-14 00:00:00
30,23,2024-01-14,334,351,1.0,0.893,2024-01-14 00:00:00
31,41,2024-01-15,481,465,1.0,0.851,2024-01-15 00:00:00
32,25,2024-01-16,467,471,1.0,0.934,2024-01-16 00:00:00
33,64,2024-01-17,259,248,1.0,0.923,2024-01-17 00:00:00
34,11,2024-01-17,339,306,0.87,0.894,2024-01-17 00:00:00
35,36,2024-01-17,165,155,1.0,0.961,2024-01-17 00:00:00
36,71,2024-01-18,311,306,0.56,0.966,2024-01-18 00:00:00
37,47,2024-01-18,327,331,1.0,0.932,2024-01-18 00:00:00
38,14,2024-01-19,426,414,1.0,0.963,2024-01-19 00:00:00
39,39,2024-01-19,497,551,1.0,0.973,2024-01-19 00:00:00
40,16,2024-01-20,447,446,1.0,0.881,2024-01-20 00:00:00
41,95,2024-01-20,351,324,1.0,0.914,2024-01-20 00:00:00
42,18,2024-01-21,451,367,1.0,0.881,2024-01-21 00:00:00
43,8,2024-01-21,341,324,1.0,0.899,2024-01-21 00:00:00
44,91,2024-01-21,199,212,1.0,0.89,2024-01-21 00:00:00
45,87,2024-01-22,467,565,1.0,0.988,2024-01-22 00:00:00
46,36,2024-01-22,493,564,1.0,0.955,2024-01-22 00:00:00
47,17,2024-01-22,177,186,1.0,0.977,2024-01-22 00:00:00
48,63,2024-01-23,122,130,1.0,0.89,2024-01-23 00:00:00
49,54,2024-01-23,242,209,1.0,0.864,2024-01-23 00:00:00
50,96,2024-01-24,192,200,1.0,0.982,2024-01-24 00:00:00
51,59,2024-01-24,299,298,1.0,0.96,2024-01-24 00:00:00
52,94,2024-01-24,284,285,1.0,0.955,2024-01-24 00:00:00
53,69,2024-01-25,253,258,1.0,0.89,2024-01-25 00:00:00
54,44,2024-01-26,330,364,1.0,0.935,2024-01-26 00:00:00
55,63,2024-01-26,453,414,0.55,0.968,2024-01-26 00:00:00
56,3,2024-01-27,113,127,1.0,0.874,2024-01-27 00:00:00
57,59,2024-01-27,50,55,1.0,0.986,2024-01-27 00:00:00
58,39,2024-01-28,131,130,1.0,0.981,2024-01-28 00:00:00
59,12,2024-01-28,385,374,1.0,0.947,2024-01-28 00:00:00
60,7,2024-01-28,252,260,1.0,0.959,2024-01-28 00:00:00
61,55,2024-01-29,385,399,1.0,0.862,2024-01-29 00:00:00
62,29,2024-01-30,315,322,1.0,0.851,2024-01-30 00:00:00
63,90,2024-01-30,225,252,1.0,0.87,2024-01-30 00:00:00
64,10,2024-01-30,167,121,1.0,0.96,2024-01-30 00:00:00
65,14,2024-01-31,210,198,1.0,0.972,2024-01-31 00:00:00
66,83,2024-02-01,396,420,0.76,0.851,2024-02-01 00:00:00
67,22,2024-02-02,275,263,1.0,0.988,2024-02-02 00:00:00
68,79,2024-02-02,401,423,1.0,0.883,2024-02-02 00:00:00
69,13,2024-02-02,121,121,1.0,0.994,2024-02-02 00:00:00
70,18,2024-02-03,176,152,1.0,0.863,2024-02-03 00:00:00
71,71,2024-02-03,357,317,1.0,0.954,2024-02-03 00:00:00
72,39,2024-02-04,155,142,1.0,0.926,2024-02-04 00:00:00
73,96,2024-02-04,250,247,1.0,0.993,2024-02-04 00:00:00
74,64,2024-02-04,247,254,0.74,0.939,2024-02-04 00:00:00
75,2,2024-02-05,234,245,1.0,0.935,2024-02-05 00:00:00
76,47,2024-02-05,329,321,1.0,0.964,2024-02-05 00:00:00
77,99,2024-02-05,87,90,1.0,0.856,2024-02-05 00:00:00
78,51,2024-02-06,309,310,1.0,0.957,2024-02-06 00:00:00
79,55,2024-02-07,409,361,1.0,0.873,2024-02-07 00:00:00
80,11,2024-02-07,208,225,0.95,0.996,2024-02-07 00:00:00
81,69,2024-02-08,217,193,1.0,0.952,2024-02-08 00:00:00
82,40,2024-02-09,407,443,1.0,0.993,2024-02-09 00:00:00
83,8,2024-02-10,175,191,1.0,0.941,2024-02-10 00:00:00
84,86,2024-02-11,429,452,1.0,0.876,2024-02-11 00:00:00
85,2,2024-02-11,412,416,1.0,0.902,2024-02-11 00:00:00
86,93,2024-02-12,182,184,1.0,0.869,2024-02-12 00:00:00
87,100,2024-02-12,497,484,1.0,0.854,2024-02-12 00:00:00
88,55,2024-02-12,189,228,1.0,0.889,2024-02-12 00:00:00
89,81,2024-02-13,89,78,0.92,0.875,2024-02-13 00:00:00
90,21,2024-02-13,180,180,1.0,0.984,2024-02-13 00:00:00
91,87,2024-02-13,420,471,0.92,0.852,2024-02-13 00:00:00
92,61,2024-02-14,236,261,1.0,0.873,2024-02-14 00:00:00
93,71,2024-02-15,461,525,1.0,0.898,2024-02-15 00:00:00
94,93,2024-02-16,213,194,1.0,0.862,2024-02-16 00:00:00
95,48,2024-02-16,111,87,1.0,0.971,2024-02-16 00:00:00
96,52,2024-02-17,85,84,1.0,0.98,2024-02-17 00:00:00
97,42,2024-02-18,94,92,1.0,0.935,2024-02-18 00:00:00
98,39,2024-02-18,428,426,1.0,0.92,2024-02-18 00:00:00
99,64,2024-02-19,445,456,1.0,0.969,2024-02-19 00:00:00
100,20,2024-02-19,53,44,1.0,0.854,2024-02-19 00:00:00
101,70,2024-02-19,227,204,0.66,0.964,2024-02-19 00:00:00
102,95,2024-02-20,422,373,1.0,0.881,2024-02-20 00:00:00
103,31,2024-02-20,264,254,1.0,0.957,2024-02-20 00:00:00
104,6,2024-02-21,168,168,1.0,0.928,2024-02-21 00:00:00
105,48,2024-02-22,284,295,0.57,0.973,2024-02-22 00:00:00
106,10,2024-02-22,353,350,1.0,0.915,2024-02-22 00:00:00
107,17,2024-02-22,171,162,1.0,0.909,2024-02-22 00:00:00
108,42,2024-02-23,212,251,1.0,0.885,2024-02-23 00:00:00
109,26,2024-02-23,119,121,1.0,0.875,2024-02-23 00:00:00
110,60,2024-02-23,210,182,1.0,0.93,2024-02-23 00:00:00
111,58,2024-02-24,207,167,0.9,0.896,2024-02-24 00:00:00
112,90,2024-02-25,358,373,0.91,0.899,2024-02-25 00:00:00
113,12,2024-02-25,414,414,1.0,0.952,2024-02-25 00:00:00
114,34,2024-02-25,469,512,1.0,0.855,2024-02-25 00:00:00
115,58,2024-02-26,334,333,1.0,0.971,2024-02-26 00:00:00
116,18,2024-02-26,112,103,0.91,0.997,2024-02-26 00:00:00
117,26,2024-02-27,471,412,1.0,0.863,2024-02-27 00:00:00
118,34,2024-02-28,466,507,0.99,0.88,2024-02-28 00:00:00
119,83,2024-02-28,277,281,1.0,0.971,2024-02-28 00:00:00
120,16,2024-02-28,71,68,1.0,0.858,2024-02-28 00:00:00
121,56,2024-02-29,470,461,1.0,0.914,2024-02-29 00:00:00
122,46,2024-02-29,159,140,1.0,0.891,2024-02-29 00:00:00
123,58,2024-02-29,126,143,1.0,0.894,2024-02-29 00:00:00
124,71,2024-03-01,295,303,0.64,0.871,2024-03-01 00:00:00
125,26,2024-03-01,379,413,1.0,0.97,2024-03-01 00:00:00
126,49,2024-03-02,450,413,1.0,0.922,2024-03-02 00:00:00
127,45,2024-03-03,339,305,1.0,0.898,2024-03-03 00:00:00
128,29,2024-03-03,65,64,1.0,0.967,2024-03-03 00:00:00
129,61,2024-03-04,321,294,1.0,0.874,2024-03-04 00:00:00
130,85,2024-03-05,173,190,1.0,0.972,2024-03-05 00:00:00
131,8,2024-03-06,441,472,1.0,0.97,2024-03-06 00:00:00
132,46,2024-03-06,479,478,1.0,0.876,2024-03-06 00:00:00
133,31,2024-03-06,353,329,1.0,0.939,2024-03-06 00:00:00
134,90,2024-03-07,230,264,1.0,0.935,2024-03-07 00:00:00
135,73,2024-03-07,146,159,1.0,0.931,2024-03-07 00:00:00
136,23,2024-03-07,301,254,0.53,0.94,2024-03-07 00:00:00
137,68,2024-03-08,294,359,1.0,0.87,2024-03-08 00:00:00
138,23,2024-03-09,460,460,1.0,0.899,2024-03-09 00:00:00
139,3,2024-03-09,125,101,1.0,0.977,2024-03-09 00:00:00
140,47,2024-03-09,87,76,1.0,0.991,2024-03-09 00:00:00
141,76,2024-03-10,101,96,1.0,0.96,2024-03-10 00:00:00
142,56,2024-03-10,455,489,1.0,0.923,2024-03-10 00:00:00
143,23,2024-03-11,412,474,1.0,0.968,2024-03-11 00:00:00
144,29,2024-03-11,390,378,1.0,0.876,2024-03-11 00:00:00
145,94,2024-03-12,402,395,0.84,0.936,2024-03-12 00:00:00
146,99,2024-03-12,340,360,0.8,0.988,2024-03-12 00:00:00
147,29,2024-03-13,377,295,0.87,0.886,2024-03-13 00:00:00
148,41,2024-03-13,135,122,1.0,0.994,2024-03-13 00:00:00
149,91,2024-03-13,393,340,1.0,0.89,2024-03-13 00:00:00
150,89,2024-03-14,84,70,1.0,0.968,2024-03-14 00:00:00
151,1,2024-03-15,74,64,1.0,0.983,2024-03-15 00:00:00
152,64,2024-03-15,243,268,1.0,0.906,2024-03-15 00:00:00
153,62,2024-03-15,453,496,1.0,0.874,2024-03-15 00:00:00
154,5,2024-03-16,200,178,0.63,0.866,2024-03-16 00:00:00
155,22,2024-03-17,242,247,1.0,0.997,2024-03-17 00:00:00
156,44,2024-03-17,354,365,1.0,0.984,2024-03-17 00:00:00
157,4,2024-03-18,270,285,1.0,0.874,2024-03-18 00:00:00
158,13,2024-03-18,219,214,1.0,0.878,2024-03-18 00:00:00
159,90,2024-03-18,333,323,1.0,0.892,2024-03-18 00:00:00
160,13,2024-03-19,75,63,1.0,0.932,2024-03-19 00:00:00
161,20,2024-03-20,77,71,1.0,0.949,2024-03-20 00:00:00
162,77,2024-03-20,295,318,1.0,0.854,2024-03-20 00:00:00
163,82,2024-03-21,199,221,0.88,0.921,2024-03-21 00:00:00
164,34,2024-03-22,96,94,1.0,0.908,2024-03-22 00:00:00
165,48,2024-03-22,245,226,1.0,0.92,2024-03-22 00:00:00
166,29,2024-03-22,478,515,1.0,0.859,2024-03-22 00:00:00
167,86,2024-03-23,99,106,1.0,0.996,2024-03-23 00:00:00
168,76,2024-03-23,166,173,1.0,0.976,2024-03-23 00:00:00
169,67,2024-03-23,264,303,1.0,0.936,2024-03-23 00:00:00
170,61,2024-03-24,203,196,0.94,0.957,2024-03-24 00:00:00
171,74,2024-03-25,314,328,1.0,0.868,2024-03-25 00:00:00
172,97,2024-03-25,279,239,1.0,0.998,2024-03-25 00:00:00
173,28,2024-03-25,463,467,0.83,0.88,2024-03-25 00:00:00
174,19,2024-03-26,477,490,1.0,0.898,2024-03-26 00:00:00
175,94,2024-03-26,463,504,1.0,0.899,2024-03-26 00:00:00
176,36,2024-03-26,316,328,1.0,0.981,2024-03-26 00:00:00
177,80,2024-03-27,350,313,1.0,0.872,2024-03-27 00:00:00
178,76,2024-03-27,348,342,1.0,0.991,2024-03-27 00:00:00
179,14,2024-03-27,338,348,1.0,0.982,2024-03-27 00:00:00
180,34,2024-03-28,246,203,1.0,0.936,2024-03-28 00:00:00
181,61,2024-03-28,69,72,1.0,0.952,2024-03-28 00:00:00
182,5,2024-03-29,252,274,1.0,0.9,2024-03-29 00:00:00
183,31,2024-03-29,75,74,1.0,0.853,2024-03-29 00:00:00
184,40,2024-03-30,193,149,1.0,0.979,2024-03-30 00:00:00
185,88,2024-03-30,100,107,1.0,0.962,2024-03-30 00:00:00
186,35,2024-03-31,423,417,1.0,0.947,2024-03-31 00:00:00
187,25,2024-03-31,276,288,1.0,0.964,2024-03-31 00:00:00
188,8,2024-04-01,313,369,1.0,0.86,2024-04-01 00:00:00
189,91,2024-04-01,309,264,1.0,0.935,2024-04-01 00:00:00
190,25,2024-04-02,498,547,1.0,0.976,2024-04-02 00:00:00
191,5,2024-04-03,283,308,1.0,0.905,2024-04-03 00:00:00
192,65,2024-04-04,253,260,1.0,0.869,2024-04-04 00:00:00
193,4,2024-04-04,173,156,1.0,0.981,2024-04-04 00:00:00
194,71,2024-04-05,229,251,1.0,0.976,2024-04-05 00:00:00
195,34,2024-04-05,433,442,0.52,0.978,2024-04-05 00:00:00
196,100,2024-04-05,159,152,1.0,0.947,2024-04-05 00:00:00
197,27,2024-04-06,187,173,1.0,0.995,2024-04-06 00:00:00
198,88,2024-04-06,54,48,1.0,0.87,2024-04-06 00:00:00
199,23,2024-04-06,357,364,1.0,0.991,2024-04-06 00:00:00
200,91,2024-04-07,379,353,1.0,0.984,2024-04-07 00:00:00
201,45,2024-04-07,285,284,1.0,0.974,2024-04-07 00:00:00
202,51,2024-04-07,349,388,0.75,0.949,2024-04-07 00:00:00
203,72,2024-04-08,381,355,1.0,0.922,2024-04-08 00:00:00
204,44,2024-04-08,191,182,1.0,0.979,2024-04-08 00:00:00
205,84,2024-04-09,414,471,1.0,0.928,2024-04-09 00:00:00
206,31,2024-04-09,79,75,1.0,0.97,2024-04-09 00:00:00
207,52,2024-04-10,388,378,0.74,0.894,2024-04-10 00:00:00
208,54,2024-04-10,257,269,1.0,0.855,2024-04-10 00:00:00
209,91,2024-04-10,342,354,1.0,0.953,2024-04-10 00:00:00
210,61,2024-04-11,393,360,1.0,0.895,2024-04-11 00:00:00
211,22,2024-04-11,480,446,1.0,0.921,2024-04-11 00:00:00
212,95,2024-04-11,182,162,1.0,0.934,2024-04-11 00:00:00
213,88,2024-04-12,221,212,1.0,0.981,2024-04-12 00:00:00
214,43,2024-04-13,240,225,1.0,0.894,2024-04-13 00:00:00
215,16,2024-04-13,290,328,1.0,0.943,2024-04-13 00:00:00
216,25,2024-04-14,306,320,0.83,0.929,2024-04-14 00:00:00
217,53,2024-04-14,77,80,1.0,0.901,2024-04-14 00:00:00
218,59,2024-04-15,123,117,1.0,0.957,2024-04-15 00:00:00
219,100,2024-04-15,91,78,1.0,0.945,2024-04-15 00:00:00
220,1,2024-04-15,281,284,1.0,0.964,2024-04-15 00:00:00
221,74,2024-04-16,441,483,1.0,0.869,2024-04-16 00:00:00
222,82,2024-04-17,269,308,1.0,0.995,2024-04-17 00:00:00
223,50,2024-04-17,52,55,1.0,0.852,2024-04-17 00:00:00
224,97,2024-04-18,476,483,1.0,0.853,2024-04-18 00:00:00
225,1,2024-04-18,370,367,1.0,0.897,2024-04-18 00:00:00
226,50,2024-04-19,307,285,1.0,0.875,2024-04-19 00:00:00
227,39,2024-04-20,198,174,1.0,0.915,2024-04-20 00:00:00
228,18,2024-04-21,225,232,1.0,0.924,2024-04-21 00:00:00
229,97,2024-04-21,146,162,1.0,0.853,2024-04-21 00:00:00
230,29,2024-04-21,422,501,1.0,0.882,2024-04-21 00:00:00
231,76,2024-04-22,308,322,1.0,0.856,2024-04-22 00:00:00
232,33,2024-04-23,444,481,1.0,0.857,2024-04-23 00:00:00
233,7,2024-04-23,388,445,0.56,0.917,2024-04-23 00:00:00
234,16,2024-04-23,330,369,1.0,0.955,2024-04-23 00:00:00
235,89,2024-04-24,401,377,1.0,0.949,2024-04-24 00:00:00
236,80,2024-04-25,360,337,1.0,0.913,2024-04-25 00:00:00
237,14,2024-04-25,311,307,0.55,0.88,2024-04-25 00:00:00
238,100,2024-04-26,184,174,1.0,0.996,2024-04-26 00:00:00
239,91,2024-04-27,259,256,1.0,0.881,2024-04-27 00:00:00
240,62,2024-04-27,219,224,1.0,0.852,2024-04-27 00:00:00
241,15,2024-04-28,477,427,1.0,0.967,2024-04-28 00:00:00
242,93,2024-04-29,420,397,0.63,0.885,2024-04-29 00:00:00
243,34,2024-04-30,287,336,1.0,0.978,2024-04-30 00:00:00
244,47,2024-04-30,460,486,1.0,0.914,2024-04-30 00:00:00
245,13,2024-05-01,485,485,1.0,0.95,2024-05-01 00:00:00
246,43,2024-05-02,233,225,1.0,0.993,2024-05-02 00:00:00
247,94,2024-05-03,97,90,0.7,0.918,2024-05-03 00:00:00
248,50,2024-05-03,403,429,1.0,0.97,2024-05-03 00:00:00
249,22,2024-05-04,107,118,1.0,0.977,2024-05-04 00:00:00
250,14,2024-05-04,263,294,1.0,0.922,2024-05-04 00:00:00
251,73,2024-05-04,397,346,1.0,0.942,2024-05-04 00:00:00
252,94,2024-05-05,116,122,1.0,0.923,2024-05-05 00:00:00
253,53,2024-05-05,275,295,1.0,0.956,2024-05-05 00:00:00
254,87,2024-05-05,318,325,1.0,0.936,2024-05-05 00:00:00
255,29,2024-05-06,392,425,1.0,0.943,2024-05-06 00:00:00
256,56,2024-05-06,388,354,1.0,0.922,2024-05-06 00:00:00
257,85,2024-05-06,396,381,1.0,0.984,2024-05-06 00:00:00
258,7,2024-05-07,55,52,1.0,0.874,2024-05-07 00:00:00
259,61,2024-05-07,486,456,1.0,0.898,2024-05-07 00:00:00
260,43,2024-05-07,192,192,0.61,0.946,2024-05-07 00:00:00
261,31,2024-05-08,90,74,1.0,0.978,2024-05-08 00:00:00
262,58,2024-05-08,211,220,0.74,0.948,2024-05-08 00:00:00
263,52,2024-05-09,261,293,1.0,0.969,2024-05-09 00:00:00
264,82,2024-05-10,205,210,1.0,0.934,2024-05-10 00:00:00
265,84,2024-05-10,393,358,1.0,0.972,2024-05-10 00:00:00
266,59,2024-05-10,219,224,1.0,0.943,2024-05-10 00:00:00
267,92,2024-05-11,386,358,0.82,0.85,2024-05-11 00:00:00
268,46,2024-05-11,474,513,1.0,0.97,2024-05-11 00:00:00
269,67,2024-05-12,241,238,1.0,0.871,2024-05-12 00:00:00
270,92,2024-05-12,430,417,1.0,0.866,2024-05-12 00:00:00
271,79,2024-05-12,150,163,1.0,0.919,2024-05-12 00:00:00
272,92,2024-05-13,223,270,0.7,0.989,2024-05-13 00:00:00
273,76,2024-05-14,113,114,1.0,0.993,2024-05-14 00:00:00
274,18,2024-05-14,305,271,0.86,0.933,2024-05-14 00:00:00
275,56,2024-05-14,479,385,1.0,0.987,2024-05-14 00:00:00
276,75,2024-05-15,138,122,1.0,0.869,2024-05-15 00:00:00
277,50,2024-05-15,386,321,1.0,0.908,2024-05-15 00:00:00
278,78,2024-05-15,404,354,1.0,0.891,2024-05-15 00:00:00
279,38,2024-05-16,281,286,1.0,0.983,2024-05-16 00:00:00
280,66,2024-05-16,203,192,1.0,0.932,2024-05-16 00:00:00
281,92,2024-05-17,427,482,1.0,0.944,2024-05-17 00:00:00
282,38,2024-05-17,401,378,1.0,0.951,2024-05-17 00:00:00
283,84,2024-05-18,141,119,1.0,0.867,2024-05-18 00:00:00
284,46,2024-05-18,337,335,1.0,0.936,2024-05-18 00:00:00
285,86,2024-05-18,413,353,1.0,0.893,2024-05-18 00:00:00
286,2,2024-05-19,317,343,0.69,0.858,2024-05-19 00:00:00
287,8,2024-05-19,152,149,1.0,0.953,2024-05-19 00:00:00
288,8,2024-05-20,403,473,1.0,0.881,2024-05-20 00:00:00
289,5,2024-05-21,233,237,1.0,0.961,2024-05-21 00:00:00
290,29,2024-05-21,430,411,1.0,0.908,2024-05-21 00:00:00
291,66,2024-05-21,451,471,1.0,0.857,2024-05-21 00:00:00
292,50,2024-05-22,263,224,1.0,0.996,2024-05-22 00:00:00
293,41,2024-05-22,332,383,1.0,0.98,2024-05-22 00:00:00
294,29,2024-05-23,374,394,1.0,0.947,2024-05-23 00:00:00
295,97,2024-05-23,351,305,1.0,0.995,2024-05-23 00:00:00
296,58,2024-05-24,140,134,1.0,0.861,2024-05-24 00:00:00
297,23,2024-05-24,426,384,1.0,0.933,2024-05-24 00:00:00
298,21,2024-05-25,349,346,1.0,0.851,2024-05-25 00:00:00
299,91,2024-05-26,129,157,1.0,0.966,2024-05-26 00:00:00
300,81,2024-05-26,365,385,1.0,0.895,2024-05-26 00:00:00
301,71,2024-05-27,233,265,1.0,0.994,2024-05-27 00:00:00
302,67,2024-05-27,84,89,1.0,0.874,2024-05-27 00:00:00
303,70,2024-05-27,324,299,1.0,0.95,2024-05-27 00:00:00
304,47,2024-05-28,200,210,1.0,0.963,2024-05-28 00:00:00
305,68,2024-05-28,293,347,1.0,0.851,2024-05-28 00:00:00
306,45,2024-05-29,278,276,1.0,0.946,2024-05-29 00:00:00
307,80,2024-05-29,174,199,1.0,0.987,2024-05-29 00:00:00
308,15,2024-05-29,247,237,1.0,0.959,2024-05-29 00:00:00
309,67,2024-05-30,470,477,1.0,0.923,2024-05-30 00:00:00
310,84,2024-05-31,148,130,1.0,0.862,2024-05-31 00:00:00
311,13,2024-05-31,135,157,1.0,0.944,2024-05-31 00:00:00
312,86,2024-06-01,372,360,1.0,0.98,2024-06-01 00:00:00
313,14,2024-06-02,155,131,1.0,0.966,2024-06-02 00:00:00
314,83,2024-06-02,468,450,1.0,0.962,2024-06-02 00:00:00
315,4,2024-06-03,285,283,0.59,0.888,2024-06-03 00:00:00
316,74,2024-06-04,470,457,1.0,0.889,2024-06-04 00:00:00
317,58,2024-06-05,372,345,1.0,0.868,2024-06-05 00:00:00
318,1,2024-06-05,378,396,1.0,0.859,2024-06-05 00:00:00
319,75,2024-06-06,73,72,1.0,0.866,2024-06-06 00:00:00
320,88,2024-06-06,204,196,1.0,0.892,2024-06-06 00:00:00
321,57,2024-06-06,245,216,1.0,0.93,2024-06-06 00:00:00
322,96,2024-06-07,250,272,1.0,0.977,2024-06-07 00:00:00
323,82,2024-06-08,123,115,1.0,0.98,2024-06-08 00:00:00
324,83,2024-06-08,241,289,1.0,0.852,2024-06-08 00:00:00
325,19,2024-06-09,113,127,1.0,0.932,2024-06-09 00:00:00
326,11,2024-06-09,206,212,1.0,0.961,2024-06-09 00:00:00
327,93,2024-06-09,226,237,1.0,0.871,2024-06-09 00:00:00
328,29,2024-06-10,365,442,1.0,0.879,2024-06-10 00:00:00
329,86,2024-06-11,459,445,1.0,0.999,2024-06-11 00:00:00
330,60,2024-06-12,380,374,1.0,0.894,2024-06-12 00:00:00
331,9,2024-06-12,178,201,1.0,0.9,2024-06-12 00:00:00
332,17,2024-06-12,393,429,1.0,0.865,2024-06-12 00:00:00
333,9,2024-06-13,149,142,1.0,0.896,2024-06-13 00:00:00
334,75,2024-06-13,128,140,1.0,0.905,2024-06-13 00:00:00
335,41,2024-06-13,269,280,1.0,0.957,2024-06-13 00:00:00
336,56,2024-06-14,191,205,1.0,0.87,2024-06-14 00:00:00
337,94,2024-06-14,219,236,1.0,0.896,2024-06-14 00:00:00
338,71,2024-06-14,105,96,1.0,0.941,2024-06-14 00:00:00
339,18,2024-06-15,325,342,1.0,0.959,2024-06-15 00:00:00
340,3,2024-06-15,484,558,1.0,0.855,2024-06-15 00:00:00
341,75,2024-06-16,257,259,0.63,0.984,2024-06-16 00:00:00
342,70,2024-06-16,291,271,1.0,0.872,2024-06-16 00:00:00
343,51,2024-06-16,164,180,1.0,0.87,2024-06-16 00:00:00
344,66,2024-06-17,96,87,1.0,0.925,2024-06-17 00:00:00
345,85,2024-06-17,172,190,1.0,0.875,2024-06-17 00:00:00
346,66,2024-06-17,121,103,1.0,0.877,2024-06-17 00:00:00
347,85,2024-06-18,496,575,1.0,0.904,2024-06-18 00:00:00
348,29,2024-06-18,439,424,1.0,0.859,2024-06-18 00:00:00
349,48,2024-06-18,169,180,1.0,0.904,2024-06-18 00:00:00
350,59,2024-06-19,73,74,0.82,0.865,2024-06-19 00:00:00
351,67,2024-06-19,374,408,1.0,0.932,2024-06-19 00:00:00
352,49,2024-06-20,384,320,1.0,0.938,2024-06-20 00:00:00
353,67,2024-06-21,178,150,1.0,0.903,2024-06-21 00:00:00
354,63,2024-06-22,455,524,1.0,0.941,2024-06-22 00:00:00
355,65,2024-06-22,121,112,1.0,0.892,2024-06-22 00:00:00
356,24,2024-06-23,130,133,1.0,0.958,2024-06-23 00:00:00
357,85,2024-06-24,167,154,0.83,0.922,2024-06-24 00:00:00
358,21,2024-06-25,381,398,1.0,0.853,2024-06-25 00:00:00
359,6,2024-06-25,115,108,1.0,0.856,2024-06-25 00:00:00
360,74,2024-06-25,125,121,0.63,0.877,2024-06-25 00:00:00
361,77,2024-06-26,338,292,1.0,0.973,2024-06-26 00:00:00
362,11,2024-06-26,160,135,1.0,0.999,2024-06-26 00:00:00
363,22,2024-06-27,162,172,1.0,0.973,2024-06-27 00:00:00
364,24,2024-06-27,369,325,1.0,0.89,2024-06-27 00:00:00
365,88,2024-06-28,225,251,0.69,0.87,2024-06-28 00:00:00
366,3,2024-06-28,153,143,1.0,0.986,2024-06-28 00:00:00
367,88,2024-06-28,264,280,1.0,0.985,2024-06-28 00:00:00
368,5,2024-06-29,499,438,1.0,0.925,2024-06-29 00:00:00
369,16,2024-06-29,97,91,1.0,0.974,2024-06-29 00:00:00
370,100,2024-06-29,397,399,1.0,0.928,2024-06-29 00:00:00
371,6,2024-06-30,407,378,1.0,0.968,2024-06-30 00:00:00
372,49,2024-06-30,229,225,1.0,0.961,2024-06-30 00:00:00
373,74,2024-07-01,100,93,1.0,0.987,2024-07-01 00:00:00
374,11,2024-07-01,195,201,1.0,0.932,2024-07-01 00:00:00
375,33,2024-07-01,146,170,0.76,0.928,2024-07-01 00:00:00
376,84,2024-07-02,155,155,1.0,0.897,2024-07-02 00:00:00
377,47,2024-07-02,104,112,1.0,0.978,2024-07-02 00:00:00
378,73,2024-07-03,237,265,1.0,0.999,2024-07-03 00:00:00
379,51,2024-07-03,436,451,1.0,0.877,2024-07-03 00:00:00
380,72,2024-07-04,297,333,1.0,0.896,2024-07-04 00:00:00
381,45,2024-07-04,446,425,1.0,0.949,2024-07-04 00:00:00
382,96,2024-07-04,167,140,1.0,0.955,2024-07-04 00:00:00
383,13,2024-07-05,159,131,1.0,0.942,2024-07-05 00:00:00
384,91,2024-07-06,76,75,1.0,0.995,2024-07-06 00:00:00
385,1,2024-07-06,461,482,1.0,0.915,2024-07-06 00:00:00
386,9,2024-07-06,184,189,1.0,0.862,2024-07-06 00:00:00
387,93,2024-07-07,246,268,1.0,0.893,2024-07-07 00:00:00
388,8,2024-07-08,446,426,1.0,0.946,2024-07-08 00:00:00
389,57,2024-07-08,55,57,1.0,0.893,2024-07-08 00:00:00
390,5,2024-07-08,451,513,1.0,0.927,2024-07-08 00:00:00
391,79,2024-07-09,136,130,1.0,0.996,2024-07-09 00:00:00
392,36,2024-07-10,449,411,1.0,0.95,2024-07-10 00:00:00
393,76,2024-07-11,152,127,0.54,0.893,2024-07-11 00:00:00
394,72,2024-07-11,348,341,1.0,0.994,2024-07-11 00:00:00
395,29,2024-07-12,360,398,1.0,0.851,2024-07-12 00:00:00
396,23,2024-07-12,258,251,1.0,0.934,2024-07-12 00:00:00
397,38,2024-07-13,224,262,1.0,0.981,2024-07-13 00:00:00
398,74,2024-07-13,178,167,1.0,0.995,2024-07-13 00:00:00
399,73,2024-07-13,297,303,1.0,0.919,2024-07-13 00:00:00
400,76,2024-07-14,491,409,0.56,0.86,2024-07-14 00:00:00
401,82,2024-07-14,453,521,1.0,0.897,2024-07-14 00:00:00
402,67,2024-07-15,324,322,0.91,0.887,2024-07-15 00:00:00
403,12,2024-07-15,254,232,0.96,0.921,2024-07-15 00:00:00
404,28,2024-07-16,343,286,1.0,0.992,2024-07-16 00:00:00
405,88,2024-07-16,147,137,1.0,0.981,2024-07-16 00:00:00
406,30,2024-07-17,153,153,1.0,0.975,2024-07-17 00:00:00
407,20,2024-07-18,448,526,1.0,0.95,2024-07-18 00:00:00
408,79,2024-07-18,53,60,1.0,0.931,2024-07-18 00:00:00
409,62,2024-07-19,240,219,1.0,0.985,2024-07-19 00:00:00
410,63,2024-07-20,143,131,1.0,0.987,2024-07-20 00:00:00
411,36,2024-07-20,253,258,0.89,0.922,2024-07-20 00:00:00
412,5,2024-07-21,307,346,1.0,0.979,2024-07-21 00:00:00
413,100,2024-07-21,139,132,1.0,0.897,2024-07-21 00:00:00
414,2,2024-07-21,56,56,1.0,0.907,2024-07-21 00:00:00
415,42,2024-07-22,235,221,1.0,0.886,2024-07-22 00:00:00
416,79,2024-07-23,225,213,1.0,0.925,2024-07-23 00:00:00
417,27,2024-07-23,264,256,1.0,0.892,2024-07-23 00:00:00
418,74,2024-07-24,117,106,1.0,0.953,2024-07-24 00:00:00
419,93,2024-07-25,188,195,1.0,0.879,2024-07-25 00:00:00
420,20,2024-07-26,292,256,1.0,0.876,2024-07-26 00:00:00
421,64,2024-07-26,118,140,1.0,0.958,2024-07-26 00:00:00
422,63,2024-07-26,203,201,1.0,0.979,2024-07-26 00:00:00
423,51,2024-07-27,100,98,1.0,0.921,2024-07-27 00:00:00
424,13,2024-07-28,280,270,1.0,0.889,2024-07-28 00:00:00
425,47,2024-07-28,336,278,1.0,0.912,2024-07-28 00:00:00
426,45,2024-07-28,494,462,1.0,0.941,2024-07-28 00:00:00
427,74,2024-07-29,382,367,1.0,0.903,2024-07-29 00:00:00
428,87,2024-07-29,311,295,1.0,0.96,2024-07-29 00:00:00
429,11,2024-07-29,245,224,1.0,0.98,2024-07-29 00:00:00
430,44,2024-07-30,265,245,1.0,0.936,2024-07-30 00:00:00
431,10,2024-07-30,90,93,1.0,0.894,2024-07-30 00:00:00
432,35,2024-07-30,359,380,1.0,0.891,2024-07-30 00:00:00
433,100,2024-07-31,491,566,1.0,0.918,2024-07-31 00:00:00
434,22,2024-07-31,144,135,1.0,0.869,2024-07-31 00:00:00
435,85,2024-08-01,178,203,0.58,0.865,2024-08-01 00:00:00
436,61,2024-08-02,330,311,0.88,0.929,2024-08-02 00:00:00
437,14,2024-08-03,184,178,1.0,0.908,2024-08-03 00:00:00
438,32,2024-08-04,427,414,1.0,0.944,2024-08-04 00:00:00
439,68,2024-08-05,479,485,1.0,0.987,2024-08-05 00:00:00
440,60,2024-08-06,495,506,1.0,0.891,2024-08-06 00:00:00
441,57,2024-08-06,119,137,1.0,0.94,2024-08-06 00:00:00
442,96,2024-08-07,375,363,1.0,0.915,2024-08-07 00:00:00
443,82,2024-08-07,377,296,1.0,0.884,2024-08-07 00:00:00
444,12,2024-08-07,276,263,1.0,0.912,2024-08-07 00:00:00
445,39,2024-08-08,55,65,1.0,0.902,2024-08-08 00:00:00
446,69,2024-08-09,54,54,1.0,0.924,2024-08-09 00:00:00
447,97,2024-08-09,294,278,1.0,0.94,2024-08-09 00:00:00
448,71,2024-08-10,241,280,1.0,0.982,2024-08-10 00:00:00
449,51,2024-08-11,177,191,1.0,0.907,2024-08-11 00:00:00
450,34,2024-08-11,90,102,1.0,0.886,2024-08-11 00:00:00
451,89,2024-08-12,400,392,1.0,0.89,2024-08-12 00:00:00
452,25,2024-08-12,486,555,0.57,0.867,2024-08-12 00:00:00
453,59,2024-08-12,366,311,1.0,0.898,2024-08-12 00:00:00
454,7,2024-08-13,323,337,0.98,0.892,2024-08-13 00:00:00
455,92,2024-08-14,274,271,1.0,0.924,2024-08-14 00:00:00
456,54,2024-08-15,209,193,1.0,0.925,2024-08-15 00:00:00
457,48,2024-08-15,287,284,0.87,0.872,2024-08-15 00:00:00
458,100,2024-08-16,250,244,0.73,0.879,2024-08-16 00:00:00
459,33,2024-08-16,468,462,1.0,0.957,2024-08-16 00:00:00
460,99,2024-08-17,276,278,1.0,0.999,2024-08-17 00:00:00
461,26,2024-08-17,285,283,1.0,0.881,2024-08-17 00:00:00
462,88,2024-08-18,209,199,1.0,0.874,2024-08-18 00:00:00
463,94,2024-08-18,71,70,0.74,0.895,2024-08-18 00:00:00
464,7,2024-08-19,492,429,1.0,0.996,2024-08-19 00:00:00
465,31,2024-08-19,374,368,1.0,0.938,2024-08-19 00:00:00
466,32,2024-08-20,54,54,1.0,0.937,2024-08-20 00:00:00
467,89,2024-08-20,293,286,1.0,0.887,2024-08-20 00:00:00
468,12,2024-08-21,401,379,1.0,0.99,2024-08-21 00:00:00
469,98,2024-08-21,370,402,1.0,0.93,2024-08-21 00:00:00
470,17,2024-08-22,299,309,1.0,0.997,2024-08-22 00:00:00
471,97,2024-08-23,227,235,1.0,0.953,2024-08-23 00:00:00
472,46,2024-08-23,420,377,0.94,0.923,2024-08-23 00:00:00
473,57,2024-08-23,336,321,1.0,0.878,2024-08-23 00:00:00
474,42,2024-08-24,424,486,1.0,0.98,2024-08-24 00:00:00
475,77,2024-08-24,490,472,1.0,0.894,2024-08-24 00:00:00
476,70,2024-08-25,237,233,1.0,0.966,2024-08-25 00:00:00
477,65,2024-08-25,244,238,1.0,0.905,2024-08-25 00:00:00
478,31,2024-08-26,214,169,1.0,0.949,2024-08-26 00:00:00
479,69,2024-08-26,469,425,1.0,0.933,2024-08-26 00:00:00
480,79,2024-08-26,194,209,1.0,0.946,2024-08-26 00:00:00
481,13,2024-08-27,317,311,1.0,0.877,2024-08-27 00:00:00
482,26,2024-08-28,104,101,1.0,0.865,2024-08-28 00:00:00
483,83,2024-08-29,478,435,1.0,0.939,2024-08-29 00:00:00
484,7,2024-08-29,237,254,1.0,0.958,2024-08-29 00:00:00
485,2,2024-08-29,156,136,1.0,0.92,2024-08-29 00:00:00
486,8,2024-08-30,234,189,1.0,0.991,2024-08-30 00:00:00
487,54,2024-08-30,470,419,1.0,0.89,2024-08-30 00:00:00
488,6,2024-08-30,425,473,0.65,0.992,2024-08-30 00:00:00
489,13,2024-08-31,101,99,1.0,0.929,2024-08-31 00:00:00
490,32,2024-08-31,341,299,1.0,0.877,2024-08-31 00:00:00
491,96,2024-08-31,335,321,1.0,0.904,2024-08-31 00:00:00
492,90,2024-09-01,390,399,1.0,0.866,2024-09-01 00:00:00
493,24,2024-09-01,331,306,1.0,1.0,2024-09-01 00:00:00
494,46,2024-09-02,211,222,1.0,1.0,2024-09-02 00:00:00
495,48,2024-09-02,261,263,1.0,0.941,2024-09-02 00:00:00
496,70,2024-09-03,159,142,1.0,0.933,2024-09-03 00:00:00
497,96,2024-09-03,180,167,1.0,0.85,2024-09-03 00:00:00
498,5,2024-09-03,195,211,1.0,0.928,2024-09-03 00:00:00
499,1,2024-09-04,203,217,1.0,0.966,2024-09-04 00:00:00
500,89,2024-09-04,471,467,1.0,0.933,2024-09-04 00:00:00
501,74,2024-09-05,342,347,1.0,0.871,2024-09-05 00:00:00
502,47,2024-09-05,348,355,1.0,0.888,2024-09-05 00:00:00
503,39,2024-09-05,97,85,1.0,0.862,2024-09-05 00:00:00
504,62,2024-09-06,138,130,1.0,0.985,2024-09-06 00:00:00
505,90,2024-09-06,345,351,1.0,0.856,2024-09-06 00:00:00
506,49,2024-09-07,90,86,1.0,0.988,2024-09-07 00:00:00
507,43,2024-09-07,228,245,1.0,0.868,2024-09-07 00:00:00
508,99,2024-09-07,166,153,1.0,0.977,2024-09-07 00:00:00
509,82,2024-09-08,448,437,1.0,0.898,2024-09-08 00:00:00
510,20,2024-09-09,217,211,1.0,0.883,2024-09-09 00:00:00
511,7,2024-09-09,394,389,1.0,0.939,2024-09-09 00:00:00
512,65,2024-09-09,96,86,1.0,0.893,2024-09-09 00:00:00
513,19,2024-09-10,117,110,1.0,0.932,2024-09-10 00:00:00
514,34,2024-09-10,93,102,1.0,0.915,2024-09-10 00:00:00
515,17,2024-09-11,440,477,1.0,0.948,2024-09-11 00:00:00
516,26,2024-09-11,337,369,1.0,0.96,2024-09-11 00:00:00
517,32,2024-09-11,174,201,1.0,0.989,2024-09-11 00:00:00
518,15,2024-09-12,393,422,1.0,0.905,2024-09-12 00:00:00
519,42,2024-09-13,226,221,1.0,0.998,2024-09-13 00:00:00
520,57,2024-09-14,369,364,0.52,0.973,2024-09-14 00:00:00
521,26,2024-09-14,400,352,1.0,0.867,2024-09-14 00:00:00
522,7,2024-09-14,174,194,1.0,0.989,2024-09-14 00:00:00
523,2,2024-09-15,225,221,1.0,0.853,2024-09-15 00:00:00
524,27,2024-09-15,428,408,1.0,0.881,2024-09-15 00:00:00
525,97,2024-09-16,182,157,1.0,0.954,2024-09-16 00:00:00
526,86,2024-09-16,59,56,1.0,0.986,2024-09-16 00:00:00
527,68,2024-09-16,72,71,1.0,0.954,2024-09-16 00:00:00
528,7,2024-09-17,288,298,1.0,0.851,2024-09-17 00:00:00
529,50,2024-09-17,388,377,1.0,0.98,2024-09-17 00:00:00
530,38,2024-09-18,494,589,1.0,0.908,2024-09-18 00:00:00
531,66,2024-09-19,413,442,1.0,0.93,2024-09-19 00:00:00
532,24,2024-09-19,151,158,1.0,0.919,2024-09-19 00:00:00
533,3,2024-09-20,70,70,1.0,0.909,2024-09-20 00:00:00
534,21,2024-09-20,59,66,1.0,0.903,2024-09-20 00:00:00
535,81,2024-09-20,204,208,1.0,0.972,2024-09-20 00:00:00
536,33,2024-09-21,499,636,1.0,1.0,2024-09-21 00:00:00
537,4,2024-09-21,334,356,1.0,0.909,2024-09-21 00:00:00
538,18,2024-09-21,94,91,1.0,0.928,2024-09-21 00:00:00
539,79,2024-09-22,496,470,1.0,0.873,2024-09-22 00:00:00
540,40,2024-09-22,359,340,1.0,0.931,2024-09-22 00:00:00
541,27,2024-09-22,384,414,1.0,0.979,2024-09-22 00:00:00
542,89,2024-09-23,411,450,1.0,0.986,2024-09-23 00:00:00
543,56,2024-09-23,444,507,1.0,0.898,2024-09-23 00:00:00
544,69,2024-09-24,418,494,0.66,0.982,2024-09-24 00:00:00
545,94,2024-09-24,65,66,1.0,0.912,2024-09-24 00:00:00
546,57,2024-09-24,431,342,1.0,0.984,2024-09-24 00:00:00
547,36,2024-09-25,127,128,1.0,0.964,2024-09-25 00:00:00
548,79,2024-09-25,365,347,1.0,0.935,2024-09-25 00:00:00
549,30,2024-09-25,355,361,1.0,0.953,2024-09-25 00:00:00
550,18,2024-09-26,307,353,1.0,0.92,2024-09-26 00:00:00
551,84,2024-09-26,241,250,1.0,0.875,2024-09-26 00:00:00
552,5,2024-09-27,259,282,1.0,0.852,2024-09-27 00:00:00
553,53,2024-09-28,163,160,1.0,0.86,2024-09-28 00:00:00
554,57,2024-09-28,493,346,1.0,0.953,2024-09-28 00:00:00
555,32,2024-09-29,268,261,1.0,0.907,2024-09-29 00:00:00
556,41,2024-09-29,251,255,1.0,0.961,2024-09-29 00:00:00
557,69,2024-09-30,318,286,0.55,0.919,2024-09-30 00:00:00
558,6,2024-09-30,499,438,1.0,0.928,2024-09-30 00:00:00
559,51,2024-09-30,426,466,1.0,0.994,2024-09-30 00:00:00
560,38,2024-10-01,275,281,1.0,0.896,2024-10-01 00:00:00
561,60,2024-10-02,135,118,0.75,0.871,2024-10-02 00:00:00
562,83,2024-10-02,281,299,0.75,0.877,2024-10-02 00:00:00
563,90,2024-10-03,329,351,1.0,0.877,2024-10-03 00:00:00
564,76,2024-10-03,414,446,1.0,0.982,2024-10-03 00:00:00
565,12,2024-10-03,178,166,1.0,0.875,2024-10-03 00:00:00
566,16,2024-10-04,96,108,0.72,0.904,2024-10-04 00:00:00
567,68,2024-10-04,412,357,1.0,0.992,2024-10-04 00:00:00
568,49,2024-10-04,331,369,1.0,0.965,2024-10-04 00:00:00
569,73,2024-10-05,496,480,1.0,0.877,2024-10-05 00:00:00
570,92,2024-10-05,76,72,1.0,0.896,2024-10-05 00:00:00
571,37,2024-10-06,370,403,1.0,0.851,2024-10-06 00:00:00
572,98,2024-10-06,179,213,0.74,0.925,2024-10-06 00:00:00
573,78,2024-10-07,302,305,1.0,0.912,2024-10-07 00:00:00
574,77,2024-10-08,357,404,0.93,0.892,2024-10-08 00:00:00
575,72,2024-10-09,469,475,0.82,0.856,2024-10-09 00:00:00
576,5,2024-10-09,391,379,1.0,0.94,2024-10-09 00:00:00
577,43,2024-10-09,94,103,1.0,0.951,2024-10-09 00:00:00
578,85,2024-10-10,404,416,1.0,0.936,2024-10-10 00:00:00
579,72,2024-10-10,140,162,1.0,0.855,2024-10-10 00:00:00
580,99,2024-10-10,203,195,1.0,0.985,2024-10-10 00:00:00
581,98,2024-10-11,268,273,1.0,0.868,2024-10-11 00:00:00
582,43,2024-10-12,319,309,1.0,0.881,2024-10-12 00:00:00
583,27,2024-10-12,363,407,1.0,0.929,2024-10-12 00:00:00
584,62,2024-10-13,420,439,1.0,0.99,2024-10-13 00:00:00
585,37,2024-10-14,268,249,1.0,0.999,2024-10-14 00:00:00
586,46,2024-10-14,116,109,1.0,0.924,2024-10-14 00:00:00
587,94,2024-10-14,373,305,1.0,0.885,2024-10-14 00:00:00
588,25,2024-10-15,50,50,0.73,0.97,2024-10-15 00:00:00
589,95,2024-10-15,484,501,1.0,0.857,2024-10-15 00:00:00
590,72,2024-10-16,462,523,1.0,0.852,2024-10-16 00:00:00
591,26,2024-10-16,403,388,1.0,0.926,2024-10-16 00:00:00
592,99,2024-10-17,53,62,0.66,0.909,2024-10-17 00:00:00
593,73,2024-10-17,365,431,1.0,0.975,2024-10-17 00:00:00
594,62,2024-10-18,292,278,1.0,0.947,2024-10-18 00:00:00
595,62,2024-10-18,129,110,1.0,0.9,2024-10-18 00:00:00
596,53,2024-10-18,430,364,0.76,0.935,2024-10-18 00:00:00
597,41,2024-10-19,334,311,1.0,0.97,2024-10-19 00:00:00
598,46,2024-10-19,83,81,1.0,0.892,2024-10-19 00:00:00
599,4,2024-10-19,223,254,1.0,0.936,2024-10-19 00:00:00
600,24,2024-10-20,354,348,0.88,0.896,2024-10-20 00:00:00
601,41,2024-10-20,413,454,1.0,0.886,2024-10-20 00:00:00
602,39,2024-10-21,160,163,1.0,0.876,2024-10-21 00:00:00
603,48,2024-10-21,451,480,0.75,0.97,2024-10-21 00:00:00
604,20,2024-10-22,147,149,1.0,0.923,2024-10-22 00:00:00
605,68,2024-10-22,208,209,1.0,0.973,2024-10-22 00:00:00
606,67,2024-10-22,396,374,1.0,0.881,2024-10-22 00:00:00
607,59,2024-10-23,248,241,0.96,0.953,2024-10-23 00:00:00
608,12,2024-10-24,220,193,1.0,0.857,2024-10-24 00:00:00
609,67,2024-10-24,442,421,1.0,0.897,2024-10-24 00:00:00
610,27,2024-10-24,214,198,1.0,0.893,2024-10-24 00:00:00
611,41,2024-10-25,445,424,0.63,0.852,2024-10-25 00:00:00
612,80,2024-10-25,336,342,1.0,0.881,2024-10-25 00:00:00
613,45,2024-10-25,331,323,1.0,0.892,2024-10-25 00:00:00
614,22,2024-10-26,86,90,1.0,0.984,2024-10-26 00:00:00
615,57,2024-10-27,75,80,1.0,0.866,2024-10-27 00:00:00
616,7,2024-10-27,94,101,1.0,0.877,2024-10-27 00:00:00
617,77,2024-10-27,353,315,1.0,0.903,2024-10-27 00:00:00
618,26,2024-10-28,415,368,1.0,0.971,2024-10-28 00:00:00
619,11,2024-10-28,436,441,0.89,0.955,2024-10-28 00:00:00
620,59,2024-10-29,208,181,1.0,0.957,2024-10-29 00:00:00
621,61,2024-10-30,168,176,1.0,0.889,2024-10-30 00:00:00
622,47,2024-10-30,250,245,1.0,0.988,2024-10-30 00:00:00
623,42,2024-10-31,282,271,0.73,0.977,2024-10-31 00:00:00
624,37,2024-10-31,443,444,1.0,0.936,2024-10-31 00:00:00
625,14,2024-11-01,257,275,1.0,0.947,2024-11-01 00:00:00
626,39,2024-11-01,322,269,1.0,0.939,2024-11-01 00:00:00
627,31,2024-11-01,367,367,1.0,0.86,2024-11-01 00:00:00
628,89,2024-11-02,352,372,1.0,0.997,2024-11-02 00:00:00
629,44,2024-11-03,328,321,1.0,0.961,2024-11-03 00:00:00
630,92,2024-11-03,343,323,1.0,0.867,2024-11-03 00:00:00
631,77,2024-11-03,287,281,1.0,0.896,2024-11-03 00:00:00
632,9,2024-11-04,356,370,0.9,0.966,2024-11-04 00:00:00
633,49,2024-11-04,217,185,0.9,0.983,2024-11-04 00:00:00
634,1,2024-11-05,437,439,0.57,0.93,2024-11-05 00:00:00
635,50,2024-11-05,365,343,1.0,0.897,2024-11-05 00:00:00
636,73,2024-11-05,456,441,1.0,0.896,2024-11-05 00:00:00
637,92,2024-11-06,226,255,1.0,0.927,2024-11-06 00:00:00
638,17,2024-11-06,486,482,1.0,0.905,2024-11-06 00:00:00
639,7,2024-11-07,50,47,1.0,0.979,2024-11-07 00:00:00
640,4,2024-11-07,170,139,1.0,0.939,2024-11-07 00:00:00
641,81,2024-11-07,212,206,1.0,0.882,2024-11-07 00:00:00
642,61,2024-11-08,121,109,1.0,0.908,2024-11-08 00:00:00
643,54,2024-11-09,128,121,0.51,0.947,2024-11-09 00:00:00
644,19,2024-11-09,419,501,1.0,0.949,2024-11-09 00:00:00
645,11,2024-11-10,120,112,1.0,0.968,2024-11-10 00:00:00
646,55,2024-11-11,369,339,1.0,0.926,2024-11-11 00:00:00
647,71,2024-11-11,469,427,1.0,0.941,2024-11-11 00:00:00
648,74,2024-11-11,305,313,1.0,0.886,2024-11-11 00:00:00
649,35,2024-11-12,260,290,0.52,0.922,2024-11-12 00:00:00
650,48,2024-11-12,107,100,1.0,0.994,2024-11-12 00:00:00
651,11,2024-11-12,122,120,1.0,0.963,2024-11-12 00:00:00
652,60,2024-11-13,314,275,0.94,0.863,2024-11-13 00:00:00
653,61,2024-11-13,372,367,0.81,0.97,2024-11-13 00:00:00
654,79,2024-11-14,77,57,1.0,0.93,2024-11-14 00:00:00
655,2,2024-11-14,290,229,1.0,0.9,2024-11-14 00:00:00
656,38,2024-11-15,198,210,1.0,0.954,2024-11-15 00:00:00
657,77,2024-11-15,433,407,1.0,0.944,2024-11-15 00:00:00
658,22,2024-11-16,343,399,0.99,0.971,2024-11-16 00:00:00
659,80,2024-11-16,63,62,1.0,0.978,2024-11-16 00:00:00
660,36,2024-11-16,179,186,0.64,0.979,2024-11-16 00:00:00
661,95,2024-11-17,107,88,1.0,0.949,2024-11-17 00:00:00
662,23,2024-11-18,183,158,1.0,0.885,2024-11-18 00:00:00
663,24,2024-11-18,459,447,1.0,0.995,2024-11-18 00:00:00
664,20,2024-11-19,478,475,1.0,0.999,2024-11-19 00:00:00
665,99,2024-11-19,246,248,1.0,0.882,2024-11-19 00:00:00
666,94,2024-11-19,481,532,1.0,0.946,2024-11-19 00:00:00
667,7,2024-11-20,135,120,1.0,0.992,2024-11-20 00:00:00
668,30,2024-11-21,244,250,1.0,0.909,2024-11-21 00:00:00
669,34,2024-11-21,124,110,1.0,0.97,2024-11-21 00:00:00
670,49,2024-11-21,397,388,1.0,0.93,2024-11-21 00:00:00
671,13,2024-11-22,322,269,1.0,0.988,2024-11-22 00:00:00
672,43,2024-11-23,188,152,1.0,0.865,2024-11-23 00:00:00
673,84,2024-11-23,349,302,1.0,0.96,2024-11-23 00:00:00
674,99,2024-11-24,149,165,1.0,0.952,2024-11-24 00:00:00
675,24,2024-11-24,210,180,1.0,0.852,2024-11-24 00:00:00
676,13,2024-11-24,318,303,0.72,0.883,2024-11-24 00:00:00
677,33,2024-11-25,148,168,0.79,0.984,2024-11-25 00:00:00
678,28,2024-11-25,356,366,1.0,0.956,2024-11-25 00:00:00
679,12,2024-11-26,488,450,1.0,0.947,2024-11-26 00:00:00
680,15,2024-11-27,406,381,1.0,0.894,2024-11-27 00:00:00
681,10,2024-11-28,377,258,1.0,0.954,2024-11-28 00:00:00
682,86,2024-11-28,444,485,1.0,0.889,2024-11-28 00:00:00
683,100,2024-11-28,87,86,1.0,0.999,2024-11-28 00:00:00
684,34,2024-11-29,141,145,1.0,0.924,2024-11-29 00:00:00
685,26,2024-11-29,362,321,0.76,0.915,2024-11-29 00:00:00
686,83,2024-11-30,104,113,1.0,0.957,2024-11-30 00:00:00
687,14,2024-11-30,67,74,1.0,0.917,2024-11-30 00:00:00
688,64,2024-11-30,126,133,1.0,0.85,2024-11-30 00:00:00
689,86,2024-12-01,249,245,1.0,0.936,2024-12-01 00:00:00
690,91,2024-12-02,444,512,1.0,0.915,2024-12-02 00:00:00
691,94,2024-12-02,449,455,1.0,0.908,2024-12-02 00:00:00
692,89,2024-12-02,468,451,1.0,0.868,2024-12-02 00:00:00
693,46,2024-12-03,220,210,1.0,0.994,2024-12-03 00:00:00
694,12,2024-12-03,237,215,1.0,0.994,2024-12-03 00:00:00
695,11,2024-12-03,480,400,1.0,0.876,2024-12-03 00:00:00
696,50,2024-12-04,388,404,1.0,0.954,2024-12-04 00:00:00
697,81,2024-12-05,402,391,1.0,0.96,2024-12-05 00:00:00
698,5,2024-12-06,148,152,0.99,0.886,2024-12-06 00:00:00
699,9,2024-12-07,455,417,1.0,0.975,2024-12-07 00:00:00
700,58,2024-12-07,58,56,0.53,0.968,2024-12-07 00:00:00
701,52,2024-12-08,110,113,1.0,0.991,2024-12-08 00:00:00
702,20,2024-12-09,429,489,1.0,0.989,2024-12-09 00:00:00
703,5,2024-12-09,426,465,1.0,0.988,2024-12-09 00:00:00
704,6,2024-12-09,174,193,1.0,0.87,2024-12-09 00:00:00
705,81,2024-12-10,75,86,0.8,0.975,2024-12-10 00:00:00
706,14,2024-12-11,108,96,1.0,0.97,2024-12-11 00:00:00
707,9,2024-12-12,461,473,1.0,0.961,2024-12-12 00:00:00
708,42,2024-12-13,111,120,1.0,0.936,2024-12-13 00:00:00
709,18,2024-12-13,214,233,1.0,0.939,2024-12-13 00:00:00
710,9,2024-12-14,111,94,1.0,0.964,2024-12-14 00:00:00
711,22,2024-12-14,406,389,1.0,0.937,2024-12-14 00:00:00
712,13,2024-12-15,455,474,1.0,0.942,2024-12-15 00:00:00
713,3,2024-12-16,500,494,1.0,0.863,2024-12-16 00:00:00
714,76,2024-12-17,195,195,1.0,0.971,2024-12-17 00:00:00
715,99,2024-12-17,293,285,1.0,0.928,2024-12-17 00:00:00
716,53,2024-12-17,172,161,1.0,0.942,2024-12-17 00:00:00
717,77,2024-12-18,142,138,0.9,0.895,2024-12-18 00:00:00
718,1,2024-12-19,335,289,1.0,0.868,2024-12-19 00:00:00
719,68,2024-12-19,98,83,1.0,0.926,2024-12-19 00:00:00
720,99,2024-12-20,370,319,1.0,0.891,2024-12-20 00:00:00
721,25,2024-12-20,107,111,1.0,0.921,2024-12-20 00:00:00
722,21,2024-12-21,393,335,1.0,0.858,2024-12-21 00:00:00
723,37,2024-12-22,157,144,1.0,0.964,2024-12-22 00:00:00
724,6,2024-12-22,103,106,1.0,0.989,2024-12-22 00:00:00
725,21,2024-12-23,452,505,0.62,0.917,2024-12-23 00:00:00
726,42,2024-12-24,264,269,1.0,0.952,2024-12-24 00:00:00
727,42,2024-12-24,167,169,0.86,0.98,2024-12-24 00:00:00
728,49,2024-12-24,162,147,0.79,0.858,2024-12-24 00:00:00
729,19,2024-12-25,160,175,1.0,0.87,2024-12-25 00:00:00
730,93,2024-12-25,149,141,1.0,0.996,2024-12-25 00:00:00
731,43,2024-12-26,115,129,1.0,0.867,2024-12-26 00:00:00
732,59,2024-12-27,264,270,1.0,0.902,2024-12-27 00:00:00
733,38,2024-12-27,359,394,1.0,0.986,2024-12-27 00:00:00
734,71,2024-12-28,487,559,1.0,0.912,2024-12-28 00:00:00
735,67,2024-12-28,300,313,1.0,0.919,2024-12-28 00:00:00
736,2,2024-12-28,423,400,1.0,0.981,2024-12-28 00:00:00
737,42,2024-12-29,272,221,1.0,0.872,2024-12-29 00:00:00
738,1,2024-12-30,263,236,1.0,0.856,2024-12-30 00:00:00
739,61,2024-12-30,425,426,1.0,0.922,2024-12-30 00:00:00
740,90,2024-12-30,470,457,0.74,0.862,2024-12-30 00:00:00
741,89,2024-12-31,424,399,1.0,0.886,2024-12-31 00:00:00
