equipment_id,line_id,equipment_type,equipment_name,measurement_date,availability_rate,performance_rate,quality_rate,oee_score,downtime_hours,created_date
1,1,CMM,CMM 1-1,2024-01-01,0.918,0.78,0.937,0.671,1.97,2024-01-01 00:00:00
1,1,CMM,CMM 1-1,2024-01-08,0.96,0.868,0.981,0.817,0.96,2024-01-08 00:00:00
1,1,CMM,CMM 1-1,2024-01-15,0.824,0.85,0.909,0.637,4.22,2024-01-15 00:00:00
1,1,CMM,CMM 1-1,2024-01-22,0.865,0.752,0.923,0.6,3.24,2024-01-22 00:00:00
1,1,CMM,CMM 1-1,2024-01-29,0.974,0.946,0.965,0.889,0.62,2024-01-29 00:00:00
1,1,CMM,CMM 1-1,2024-02-05,0.936,0.778,0.915,0.666,1.54,2024-02-05 00:00:00
1,1,CMM,CMM 1-1,2024-02-12,0.902,0.863,0.983,0.765,2.35,2024-02-12 00:00:00
1,1,CMM,CMM 1-1,2024-02-19,0.826,0.896,0.989,0.732,4.18,2024-02-19 00:00:00
1,1,CMM,CMM 1-1,2024-02-26,0.807,0.902,0.922,0.671,4.63,2024-02-26 00:00:00
1,1,CMM,CMM 1-1,2024-03-04,0.848,0.797,0.964,0.652,3.65,2024-03-04 00:00:00
1,1,CMM,CMM 1-1,2024-03-11,0.893,0.908,0.937,0.76,2.57,2024-03-11 00:00:00
1,1,CMM,CMM 1-1,2024-03-18,0.965,0.926,0.904,0.808,0.84,2024-03-18 00:00:00
1,1,CMM,CMM 1-1,2024-03-25,0.917,0.771,0.992,0.701,1.99,2024-03-25 00:00:00
1,1,CMM,CMM 1-1,2024-04-01,0.914,0.805,0.97,0.714,2.06,2024-04-01 00:00:00
1,1,CMM,CMM 1-1,2024-04-08,0.904,0.864,0.936,0.731,2.3,2024-04-08 00:00:00
1,1,CMM,CMM 1-1,2024-04-15,0.868,0.868,0.985,0.742,3.17,2024-04-15 00:00:00
1,1,CMM,CMM 1-1,2024-04-22,0.814,0.8,0.992,0.646,4.46,2024-04-22 00:00:00
1,1,CMM,CMM 1-1,2024-04-29,0.84,0.831,0.978,0.683,3.84,2024-04-29 00:00:00
1,1,CMM,CMM 1-1,2024-05-06,0.862,0.909,0.984,0.771,3.31,2024-05-06 00:00:00
1,1,CMM,CMM 1-1,2024-05-13,0.801,0.926,0.942,0.699,4.78,2024-05-13 00:00:00
1,1,CMM,CMM 1-1,2024-05-20,0.841,0.853,0.927,0.665,3.82,2024-05-20 00:00:00
1,1,CMM,CMM 1-1,2024-05-27,0.827,0.781,0.957,0.618,4.15,2024-05-27 00:00:00
1,1,CMM,CMM 1-1,2024-06-03,0.947,0.882,0.939,0.784,1.27,2024-06-03 00:00:00
1,1,CMM,CMM 1-1,2024-06-10,0.859,0.773,0.964,0.64,3.38,2024-06-10 00:00:00
1,1,CMM,CMM 1-1,2024-06-17,0.886,0.868,0.961,0.739,2.74,2024-06-17 00:00:00
1,1,CMM,CMM 1-1,2024-06-24,0.874,0.799,0.912,0.637,3.02,2024-06-24 00:00:00
1,1,CMM,CMM 1-1,2024-07-01,0.907,0.777,0.949,0.669,2.23,2024-07-01 00:00:00
1,1,CMM,CMM 1-1,2024-07-08,0.96,0.779,0.916,0.685,0.96,2024-07-08 00:00:00
1,1,CMM,CMM 1-1,2024-07-15,0.966,0.853,0.939,0.774,0.82,2024-07-15 00:00:00
1,1,CMM,CMM 1-1,2024-07-22,0.974,0.878,0.983,0.841,0.62,2024-07-22 00:00:00
1,1,CMM,CMM 1-1,2024-07-29,0.931,0.914,0.99,0.842,1.66,2024-07-29 00:00:00
1,1,CMM,CMM 1-1,2024-08-05,0.839,0.871,0.945,0.691,3.86,2024-08-05 00:00:00
1,1,CMM,CMM 1-1,2024-08-12,0.887,0.794,0.939,0.661,2.71,2024-08-12 00:00:00
1,1,CMM,CMM 1-1,2024-08-19,0.826,0.867,0.973,0.697,4.18,2024-08-19 00:00:00
1,1,CMM,CMM 1-1,2024-08-26,0.912,0.852,0.916,0.712,2.11,2024-08-26 00:00:00
1,1,CMM,CMM 1-1,2024-09-02,0.923,0.934,0.957,0.825,1.85,2024-09-02 00:00:00
1,1,CMM,CMM 1-1,2024-09-09,0.812,0.826,0.913,0.612,4.51,2024-09-09 00:00:00
1,1,CMM,CMM 1-1,2024-09-16,0.803,0.855,0.986,0.677,4.73,2024-09-16 00:00:00
1,1,CMM,CMM 1-1,2024-09-23,0.923,0.915,0.958,0.809,1.85,2024-09-23 00:00:00
1,1,CMM,CMM 1-1,2024-09-30,0.832,0.93,0.957,0.74,4.03,2024-09-30 00:00:00
1,1,CMM,CMM 1-1,2024-10-07,0.958,0.856,0.971,0.796,1.01,2024-10-07 00:00:00
1,1,CMM,CMM 1-1,2024-10-14,0.817,0.882,0.986,0.711,4.39,2024-10-14 00:00:00
1,1,CMM,CMM 1-1,2024-10-21,0.897,0.75,0.989,0.665,2.47,2024-10-21 00:00:00
1,1,CMM,CMM 1-1,2024-10-28,0.922,0.836,0.94,0.725,1.87,2024-10-28 00:00:00
1,1,CMM,CMM 1-1,2024-11-04,0.957,0.89,0.941,0.801,1.03,2024-11-04 00:00:00
1,1,CMM,CMM 1-1,2024-11-11,0.969,0.846,0.973,0.798,0.74,2024-11-11 00:00:00
1,1,CMM,CMM 1-1,2024-11-18,0.863,0.911,0.986,0.775,3.29,2024-11-18 00:00:00
1,1,CMM,CMM 1-1,2024-11-25,0.951,0.865,0.94,0.773,1.18,2024-11-25 00:00:00
1,1,CMM,CMM 1-1,2024-12-02,0.846,0.903,0.986,0.753,3.7,2024-12-02 00:00:00
1,1,CMM,CMM 1-1,2024-12-09,0.815,0.87,0.952,0.675,4.44,2024-12-09 00:00:00
1,1,CMM,CMM 1-1,2024-12-16,0.846,0.751,0.971,0.617,3.7,2024-12-16 00:00:00
1,1,CMM,CMM 1-1,2024-12-23,0.801,0.855,0.949,0.65,4.78,2024-12-23 00:00:00
1,1,CMM,CMM 1-1,2024-12-30,0.868,0.791,0.976,0.67,3.17,2024-12-30 00:00:00
2,1,Heat Treatment Oven,Heat Treatment Oven 1-2,2024-01-01,0.865,0.781,0.962,0.65,3.24,2024-01-01 00:00:00
2,1,Heat Treatment Oven,Heat Treatment Oven 1-2,2024-01-08,0.846,0.921,0.94,0.732,3.7,2024-01-08 00:00:00
2,1,Heat Treatment Oven,Heat Treatment Oven 1-2,2024-01-15,0.866,0.805,0.965,0.673,3.22,2024-01-15 00:00:00
2,1,Heat Treatment Oven,Heat Treatment Oven 1-2,2024-01-22,0.936,0.833,0.974,0.759,1.54,2024-01-22 00:00:00
2,1,Heat Treatment Oven,Heat Treatment Oven 1-2,2024-01-29,0.887,0.824,0.953,0.697,2.71,2024-01-29 00:00:00
2,1,Heat Treatment Oven,Heat Treatment Oven 1-2,2024-02-05,0.846,0.811,0.933,0.64,3.7,2024-02-05 00:00:00
2,1,Heat Treatment Oven,Heat Treatment Oven 1-2,2024-02-12,0.927,0.897,0.981,0.816,1.75,2024-02-12 00:00:00
2,1,Heat Treatment Oven,Heat Treatment Oven 1-2,2024-02-19,0.919,0.9,0.942,0.779,1.94,2024-02-19 00:00:00
2,1,Heat Treatment Oven,Heat Treatment Oven 1-2,2024-02-26,0.926,0.782,0.92,0.666,1.78,2024-02-26 00:00:00
2,1,Heat Treatment Oven,Heat Treatment Oven 1-2,2024-03-04,0.872,0.818,0.952,0.679,3.07,2024-03-04 00:00:00
2,1,Heat Treatment Oven,Heat Treatment Oven 1-2,2024-03-11,0.925,0.891,0.915,0.754,1.8,2024-03-11 00:00:00
2,1,Heat Treatment Oven,Heat Treatment Oven 1-2,2024-03-18,0.974,0.751,0.909,0.665,0.62,2024-03-18 00:00:00
2,1,Heat Treatment Oven,Heat Treatment Oven 1-2,2024-03-25,0.826,0.935,0.941,0.727,4.18,2024-03-25 00:00:00
2,1,Heat Treatment Oven,Heat Treatment Oven 1-2,2024-04-01,0.812,0.794,0.908,0.585,4.51,2024-04-01 00:00:00
2,1,Heat Treatment Oven,Heat Treatment Oven 1-2,2024-04-08,0.807,0.827,0.994,0.663,4.63,2024-04-08 00:00:00
2,1,Heat Treatment Oven,Heat Treatment Oven 1-2,2024-04-15,0.911,0.854,0.968,0.753,2.14,2024-04-15 00:00:00
2,1,Heat Treatment Oven,Heat Treatment Oven 1-2,2024-04-22,0.908,0.939,0.978,0.834,2.21,2024-04-22 00:00:00
2,1,Heat Treatment Oven,Heat Treatment Oven 1-2,2024-04-29,0.915,0.838,0.919,0.705,2.04,2024-04-29 00:00:00
2,1,Heat Treatment Oven,Heat Treatment Oven 1-2,2024-05-06,0.918,0.911,0.927,0.775,1.97,2024-05-06 00:00:00
2,1,Heat Treatment Oven,Heat Treatment Oven 1-2,2024-05-13,0.806,0.87,0.949,0.665,4.66,2024-05-13 00:00:00
2,1,Heat Treatment Oven,Heat Treatment Oven 1-2,2024-05-20,0.842,0.784,0.903,0.596,3.79,2024-05-20 00:00:00
2,1,Heat Treatment Oven,Heat Treatment Oven 1-2,2024-05-27,0.843,0.75,0.915,0.579,3.77,2024-05-27 00:00:00
2,1,Heat Treatment Oven,Heat Treatment Oven 1-2,2024-06-03,0.979,0.906,0.934,0.828,0.5,2024-06-03 00:00:00
2,1,Heat Treatment Oven,Heat Treatment Oven 1-2,2024-06-10,0.871,0.867,0.949,0.717,3.1,2024-06-10 00:00:00
2,1,Heat Treatment Oven,Heat Treatment Oven 1-2,2024-06-17,0.933,0.764,0.909,0.648,1.61,2024-06-17 00:00:00
2,1,Heat Treatment Oven,Heat Treatment Oven 1-2,2024-06-24,0.851,0.916,0.987,0.769,3.58,2024-06-24 00:00:00
2,1,Heat Treatment Oven,Heat Treatment Oven 1-2,2024-07-01,0.863,0.943,0.926,0.754,3.29,2024-07-01 00:00:00
2,1,Heat Treatment Oven,Heat Treatment Oven 1-2,2024-07-08,0.909,0.789,0.988,0.709,2.18,2024-07-08 00:00:00
2,1,Heat Treatment Oven,Heat Treatment Oven 1-2,2024-07-15,0.903,0.802,0.939,0.68,2.33,2024-07-15 00:00:00
2,1,Heat Treatment Oven,Heat Treatment Oven 1-2,2024-07-22,0.819,0.764,0.928,0.581,4.34,2024-07-22 00:00:00
2,1,Heat Treatment Oven,Heat Treatment Oven 1-2,2024-07-29,0.97,0.911,0.991,0.876,0.72,2024-07-29 00:00:00
2,1,Heat Treatment Oven,Heat Treatment Oven 1-2,2024-08-05,0.958,0.913,0.955,0.835,1.01,2024-08-05 00:00:00
2,1,Heat Treatment Oven,Heat Treatment Oven 1-2,2024-08-12,0.925,0.943,0.954,0.832,1.8,2024-08-12 00:00:00
2,1,Heat Treatment Oven,Heat Treatment Oven 1-2,2024-08-19,0.939,0.901,0.991,0.838,1.46,2024-08-19 00:00:00
2,1,Heat Treatment Oven,Heat Treatment Oven 1-2,2024-08-26,0.883,0.842,0.956,0.711,2.81,2024-08-26 00:00:00
2,1,Heat Treatment Oven,Heat Treatment Oven 1-2,2024-09-02,0.805,0.773,0.906,0.564,4.68,2024-09-02 00:00:00
2,1,Heat Treatment Oven,Heat Treatment Oven 1-2,2024-09-09,0.914,0.949,0.964,0.836,2.06,2024-09-09 00:00:00
2,1,Heat Treatment Oven,Heat Treatment Oven 1-2,2024-09-16,0.841,0.813,0.991,0.678,3.82,2024-09-16 00:00:00
2,1,Heat Treatment Oven,Heat Treatment Oven 1-2,2024-09-23,0.893,0.752,0.979,0.657,2.57,2024-09-23 00:00:00
2,1,Heat Treatment Oven,Heat Treatment Oven 1-2,2024-09-30,0.845,0.769,0.964,0.626,3.72,2024-09-30 00:00:00
2,1,Heat Treatment Oven,Heat Treatment Oven 1-2,2024-10-07,0.948,0.765,0.988,0.717,1.25,2024-10-07 00:00:00
2,1,Heat Treatment Oven,Heat Treatment Oven 1-2,2024-10-14,0.886,0.821,0.985,0.716,2.74,2024-10-14 00:00:00
2,1,Heat Treatment Oven,Heat Treatment Oven 1-2,2024-10-21,0.848,0.939,0.965,0.768,3.65,2024-10-21 00:00:00
2,1,Heat Treatment Oven,Heat Treatment Oven 1-2,2024-10-28,0.964,0.85,0.919,0.753,0.86,2024-10-28 00:00:00
2,1,Heat Treatment Oven,Heat Treatment Oven 1-2,2024-11-04,0.932,0.925,0.92,0.793,1.63,2024-11-04 00:00:00
2,1,Heat Treatment Oven,Heat Treatment Oven 1-2,2024-11-11,0.836,0.8,0.959,0.641,3.94,2024-11-11 00:00:00
2,1,Heat Treatment Oven,Heat Treatment Oven 1-2,2024-11-18,0.828,0.771,0.987,0.63,4.13,2024-11-18 00:00:00
2,1,Heat Treatment Oven,Heat Treatment Oven 1-2,2024-11-25,0.922,0.883,0.958,0.78,1.87,2024-11-25 00:00:00
2,1,Heat Treatment Oven,Heat Treatment Oven 1-2,2024-12-02,0.938,0.858,0.904,0.728,1.49,2024-12-02 00:00:00
2,1,Heat Treatment Oven,Heat Treatment Oven 1-2,2024-12-09,0.887,0.874,0.947,0.734,2.71,2024-12-09 00:00:00
2,1,Heat Treatment Oven,Heat Treatment Oven 1-2,2024-12-16,0.977,0.929,0.983,0.892,0.55,2024-12-16 00:00:00
2,1,Heat Treatment Oven,Heat Treatment Oven 1-2,2024-12-23,0.888,0.947,0.987,0.83,2.69,2024-12-23 00:00:00
2,1,Heat Treatment Oven,Heat Treatment Oven 1-2,2024-12-30,0.85,0.794,0.955,0.645,3.6,2024-12-30 00:00:00
3,1,CNC Lathe,CNC Lathe 1-3,2024-01-01,0.895,0.835,0.989,0.739,2.52,2024-01-01 00:00:00
3,1,CNC Lathe,CNC Lathe 1-3,2024-01-08,0.806,0.819,0.982,0.648,4.66,2024-01-08 00:00:00
3,1,CNC Lathe,CNC Lathe 1-3,2024-01-15,0.94,0.841,0.911,0.72,1.44,2024-01-15 00:00:00
3,1,CNC Lathe,CNC Lathe 1-3,2024-01-22,0.893,0.813,0.901,0.654,2.57,2024-01-22 00:00:00
3,1,CNC Lathe,CNC Lathe 1-3,2024-01-29,0.921,0.826,0.91,0.692,1.9,2024-01-29 00:00:00
3,1,CNC Lathe,CNC Lathe 1-3,2024-02-05,0.865,0.922,0.918,0.732,3.24,2024-02-05 00:00:00
3,1,CNC Lathe,CNC Lathe 1-3,2024-02-12,0.847,0.804,0.991,0.675,3.67,2024-02-12 00:00:00
3,1,CNC Lathe,CNC Lathe 1-3,2024-02-19,0.862,0.787,0.94,0.638,3.31,2024-02-19 00:00:00
3,1,CNC Lathe,CNC Lathe 1-3,2024-02-26,0.875,0.9,0.935,0.736,3.0,2024-02-26 00:00:00
3,1,CNC Lathe,CNC Lathe 1-3,2024-03-04,0.872,0.84,0.954,0.699,3.07,2024-03-04 00:00:00
3,1,CNC Lathe,CNC Lathe 1-3,2024-03-11,0.976,0.887,0.977,0.846,0.58,2024-03-11 00:00:00
3,1,CNC Lathe,CNC Lathe 1-3,2024-03-18,0.93,0.911,0.953,0.807,1.68,2024-03-18 00:00:00
3,1,CNC Lathe,CNC Lathe 1-3,2024-03-25,0.954,0.789,0.976,0.735,1.1,2024-03-25 00:00:00
3,1,CNC Lathe,CNC Lathe 1-3,2024-04-01,0.933,0.845,0.901,0.71,1.61,2024-04-01 00:00:00
3,1,CNC Lathe,CNC Lathe 1-3,2024-04-08,0.876,0.777,0.985,0.67,2.98,2024-04-08 00:00:00
3,1,CNC Lathe,CNC Lathe 1-3,2024-04-15,0.914,0.857,0.93,0.728,2.06,2024-04-15 00:00:00
3,1,CNC Lathe,CNC Lathe 1-3,2024-04-22,0.888,0.8,0.982,0.698,2.69,2024-04-22 00:00:00
3,1,CNC Lathe,CNC Lathe 1-3,2024-04-29,0.809,0.77,0.916,0.571,4.58,2024-04-29 00:00:00
3,1,CNC Lathe,CNC Lathe 1-3,2024-05-06,0.839,0.801,0.98,0.659,3.86,2024-05-06 00:00:00
3,1,CNC Lathe,CNC Lathe 1-3,2024-05-13,0.817,0.899,0.925,0.679,4.39,2024-05-13 00:00:00
3,1,CNC Lathe,CNC Lathe 1-3,2024-05-20,0.865,0.861,0.977,0.728,3.24,2024-05-20 00:00:00
3,1,CNC Lathe,CNC Lathe 1-3,2024-05-27,0.862,0.832,0.933,0.669,3.31,2024-05-27 00:00:00
3,1,CNC Lathe,CNC Lathe 1-3,2024-06-03,0.922,0.871,0.955,0.767,1.87,2024-06-03 00:00:00
3,1,CNC Lathe,CNC Lathe 1-3,2024-06-10,0.917,0.858,0.993,0.781,1.99,2024-06-10 00:00:00
3,1,CNC Lathe,CNC Lathe 1-3,2024-06-17,0.851,0.815,0.948,0.657,3.58,2024-06-17 00:00:00
3,1,CNC Lathe,CNC Lathe 1-3,2024-06-24,0.939,0.839,0.907,0.715,1.46,2024-06-24 00:00:00
3,1,CNC Lathe,CNC Lathe 1-3,2024-07-01,0.91,0.843,0.991,0.76,2.16,2024-07-01 00:00:00
3,1,CNC Lathe,CNC Lathe 1-3,2024-07-08,0.956,0.878,0.988,0.829,1.06,2024-07-08 00:00:00
3,1,CNC Lathe,CNC Lathe 1-3,2024-07-15,0.876,0.872,0.938,0.717,2.98,2024-07-15 00:00:00
3,1,CNC Lathe,CNC Lathe 1-3,2024-07-22,0.963,0.766,0.933,0.688,0.89,2024-07-22 00:00:00
3,1,CNC Lathe,CNC Lathe 1-3,2024-07-29,0.856,0.881,0.967,0.729,3.46,2024-07-29 00:00:00
3,1,CNC Lathe,CNC Lathe 1-3,2024-08-05,0.909,0.829,0.984,0.742,2.18,2024-08-05 00:00:00
3,1,CNC Lathe,CNC Lathe 1-3,2024-08-12,0.941,0.938,0.971,0.857,1.42,2024-08-12 00:00:00
3,1,CNC Lathe,CNC Lathe 1-3,2024-08-19,0.894,0.84,0.916,0.688,2.54,2024-08-19 00:00:00
3,1,CNC Lathe,CNC Lathe 1-3,2024-08-26,0.954,0.775,0.922,0.682,1.1,2024-08-26 00:00:00
3,1,CNC Lathe,CNC Lathe 1-3,2024-09-02,0.845,0.899,0.971,0.738,3.72,2024-09-02 00:00:00
3,1,CNC Lathe,CNC Lathe 1-3,2024-09-09,0.838,0.829,0.909,0.631,3.89,2024-09-09 00:00:00
3,1,CNC Lathe,CNC Lathe 1-3,2024-09-16,0.969,0.845,0.905,0.741,0.74,2024-09-16 00:00:00
3,1,CNC Lathe,CNC Lathe 1-3,2024-09-23,0.939,0.855,0.995,0.799,1.46,2024-09-23 00:00:00
3,1,CNC Lathe,CNC Lathe 1-3,2024-09-30,0.819,0.874,0.908,0.65,4.34,2024-09-30 00:00:00
3,1,CNC Lathe,CNC Lathe 1-3,2024-10-07,0.968,0.828,0.922,0.739,0.77,2024-10-07 00:00:00
3,1,CNC Lathe,CNC Lathe 1-3,2024-10-14,0.933,0.839,0.912,0.714,1.61,2024-10-14 00:00:00
3,1,CNC Lathe,CNC Lathe 1-3,2024-10-21,0.895,0.784,0.903,0.634,2.52,2024-10-21 00:00:00
3,1,CNC Lathe,CNC Lathe 1-3,2024-10-28,0.864,0.933,0.982,0.792,3.26,2024-10-28 00:00:00
3,1,CNC Lathe,CNC Lathe 1-3,2024-11-04,0.884,0.924,0.989,0.808,2.78,2024-11-04 00:00:00
3,1,CNC Lathe,CNC Lathe 1-3,2024-11-11,0.899,0.777,0.99,0.692,2.42,2024-11-11 00:00:00
3,1,CNC Lathe,CNC Lathe 1-3,2024-11-18,0.897,0.868,0.943,0.734,2.47,2024-11-18 00:00:00
3,1,CNC Lathe,CNC Lathe 1-3,2024-11-25,0.935,0.925,0.941,0.814,1.56,2024-11-25 00:00:00
3,1,CNC Lathe,CNC Lathe 1-3,2024-12-02,0.915,0.857,0.986,0.773,2.04,2024-12-02 00:00:00
3,1,CNC Lathe,CNC Lathe 1-3,2024-12-09,0.887,0.795,0.909,0.641,2.71,2024-12-09 00:00:00
3,1,CNC Lathe,CNC Lathe 1-3,2024-12-16,0.855,0.832,0.915,0.651,3.48,2024-12-16 00:00:00
3,1,CNC Lathe,CNC Lathe 1-3,2024-12-23,0.802,0.855,0.972,0.667,4.75,2024-12-23 00:00:00
3,1,CNC Lathe,CNC Lathe 1-3,2024-12-30,0.825,0.807,0.951,0.633,4.2,2024-12-30 00:00:00
4,1,Welding Station,Welding Station 1-4,2024-01-01,0.966,0.939,0.945,0.857,0.82,2024-01-01 00:00:00
4,1,Welding Station,Welding Station 1-4,2024-01-08,0.802,0.836,0.928,0.622,4.75,2024-01-08 00:00:00
4,1,Welding Station,Welding Station 1-4,2024-01-15,0.842,0.751,0.935,0.591,3.79,2024-01-15 00:00:00
4,1,Welding Station,Welding Station 1-4,2024-01-22,0.874,0.862,0.938,0.707,3.02,2024-01-22 00:00:00
4,1,Welding Station,Welding Station 1-4,2024-01-29,0.829,0.897,0.937,0.697,4.1,2024-01-29 00:00:00
4,1,Welding Station,Welding Station 1-4,2024-02-05,0.868,0.803,0.94,0.655,3.17,2024-02-05 00:00:00
4,1,Welding Station,Welding Station 1-4,2024-02-12,0.843,0.903,0.986,0.751,3.77,2024-02-12 00:00:00
4,1,Welding Station,Welding Station 1-4,2024-02-19,0.945,0.887,0.927,0.777,1.32,2024-02-19 00:00:00
4,1,Welding Station,Welding Station 1-4,2024-02-26,0.934,0.912,0.939,0.8,1.58,2024-02-26 00:00:00
4,1,Welding Station,Welding Station 1-4,2024-03-04,0.954,0.786,0.928,0.696,1.1,2024-03-04 00:00:00
4,1,Welding Station,Welding Station 1-4,2024-03-11,0.915,0.874,0.926,0.741,2.04,2024-03-11 00:00:00
4,1,Welding Station,Welding Station 1-4,2024-03-18,0.912,0.788,0.902,0.648,2.11,2024-03-18 00:00:00
4,1,Welding Station,Welding Station 1-4,2024-03-25,0.809,0.857,0.918,0.636,4.58,2024-03-25 00:00:00
4,1,Welding Station,Welding Station 1-4,2024-04-01,0.818,0.804,0.968,0.637,4.37,2024-04-01 00:00:00
4,1,Welding Station,Welding Station 1-4,2024-04-08,0.931,0.797,0.914,0.678,1.66,2024-04-08 00:00:00
4,1,Welding Station,Welding Station 1-4,2024-04-15,0.889,0.818,0.93,0.676,2.66,2024-04-15 00:00:00
4,1,Welding Station,Welding Station 1-4,2024-04-22,0.944,0.95,0.944,0.847,1.34,2024-04-22 00:00:00
4,1,Welding Station,Welding Station 1-4,2024-04-29,0.942,0.816,0.98,0.753,1.39,2024-04-29 00:00:00
4,1,Welding Station,Welding Station 1-4,2024-05-06,0.971,0.761,0.974,0.72,0.7,2024-05-06 00:00:00
4,1,Welding Station,Welding Station 1-4,2024-05-13,0.813,0.844,0.918,0.63,4.49,2024-05-13 00:00:00
4,1,Welding Station,Welding Station 1-4,2024-05-20,0.951,0.913,0.979,0.85,1.18,2024-05-20 00:00:00
4,1,Welding Station,Welding Station 1-4,2024-05-27,0.822,0.904,0.924,0.687,4.27,2024-05-27 00:00:00
4,1,Welding Station,Welding Station 1-4,2024-06-03,0.939,0.839,0.97,0.764,1.46,2024-06-03 00:00:00
4,1,Welding Station,Welding Station 1-4,2024-06-10,0.806,0.842,0.973,0.66,4.66,2024-06-10 00:00:00
4,1,Welding Station,Welding Station 1-4,2024-06-17,0.894,0.946,0.945,0.799,2.54,2024-06-17 00:00:00
4,1,Welding Station,Welding Station 1-4,2024-06-24,0.923,0.812,0.931,0.698,1.85,2024-06-24 00:00:00
4,1,Welding Station,Welding Station 1-4,2024-07-01,0.913,0.758,0.989,0.684,2.09,2024-07-01 00:00:00
4,1,Welding Station,Welding Station 1-4,2024-07-08,0.894,0.801,0.961,0.688,2.54,2024-07-08 00:00:00
4,1,Welding Station,Welding Station 1-4,2024-07-15,0.836,0.928,0.982,0.762,3.94,2024-07-15 00:00:00
4,1,Welding Station,Welding Station 1-4,2024-07-22,0.839,0.773,0.96,0.623,3.86,2024-07-22 00:00:00
4,1,Welding Station,Welding Station 1-4,2024-07-29,0.858,0.783,0.926,0.622,3.41,2024-07-29 00:00:00
4,1,Welding Station,Welding Station 1-4,2024-08-05,0.822,0.908,0.901,0.672,4.27,2024-08-05 00:00:00
4,1,Welding Station,Welding Station 1-4,2024-08-12,0.808,0.907,0.945,0.693,4.61,2024-08-12 00:00:00
4,1,Welding Station,Welding Station 1-4,2024-08-19,0.907,0.824,0.909,0.679,2.23,2024-08-19 00:00:00
4,1,Welding Station,Welding Station 1-4,2024-08-26,0.828,0.768,0.959,0.61,4.13,2024-08-26 00:00:00
4,1,Welding Station,Welding Station 1-4,2024-09-02,0.968,0.949,0.959,0.881,0.77,2024-09-02 00:00:00
4,1,Welding Station,Welding Station 1-4,2024-09-09,0.811,0.879,0.967,0.689,4.54,2024-09-09 00:00:00
4,1,Welding Station,Welding Station 1-4,2024-09-16,0.942,0.775,0.922,0.673,1.39,2024-09-16 00:00:00
4,1,Welding Station,Welding Station 1-4,2024-09-23,0.977,0.908,0.972,0.862,0.55,2024-09-23 00:00:00
4,1,Welding Station,Welding Station 1-4,2024-09-30,0.945,0.838,0.918,0.727,1.32,2024-09-30 00:00:00
4,1,Welding Station,Welding Station 1-4,2024-10-07,0.924,0.822,0.913,0.693,1.82,2024-10-07 00:00:00
4,1,Welding Station,Welding Station 1-4,2024-10-14,0.962,0.847,0.942,0.768,0.91,2024-10-14 00:00:00
4,1,Welding Station,Welding Station 1-4,2024-10-21,0.853,0.889,0.918,0.696,3.53,2024-10-21 00:00:00
4,1,Welding Station,Welding Station 1-4,2024-10-28,0.834,0.82,0.97,0.663,3.98,2024-10-28 00:00:00
4,1,Welding Station,Welding Station 1-4,2024-11-04,0.85,0.916,0.987,0.768,3.6,2024-11-04 00:00:00
4,1,Welding Station,Welding Station 1-4,2024-11-11,0.9,0.764,0.915,0.629,2.4,2024-11-11 00:00:00
4,1,Welding Station,Welding Station 1-4,2024-11-18,0.853,0.803,0.935,0.64,3.53,2024-11-18 00:00:00
4,1,Welding Station,Welding Station 1-4,2024-11-25,0.8,0.878,0.936,0.657,4.8,2024-11-25 00:00:00
4,1,Welding Station,Welding Station 1-4,2024-12-02,0.833,0.754,0.981,0.616,4.01,2024-12-02 00:00:00
4,1,Welding Station,Welding Station 1-4,2024-12-09,0.94,0.798,0.968,0.726,1.44,2024-12-09 00:00:00
4,1,Welding Station,Welding Station 1-4,2024-12-16,0.918,0.858,0.937,0.738,1.97,2024-12-16 00:00:00
4,1,Welding Station,Welding Station 1-4,2024-12-23,0.894,0.85,0.952,0.723,2.54,2024-12-23 00:00:00
4,1,Welding Station,Welding Station 1-4,2024-12-30,0.91,0.815,0.961,0.713,2.16,2024-12-30 00:00:00
5,2,Milling Machine,Milling Machine 2-1,2024-01-01,0.894,0.763,0.979,0.668,2.54,2024-01-01 00:00:00
5,2,Milling Machine,Milling Machine 2-1,2024-01-08,0.823,0.925,0.919,0.7,4.25,2024-01-08 00:00:00
5,2,Milling Machine,Milling Machine 2-1,2024-01-15,0.887,0.77,0.954,0.652,2.71,2024-01-15 00:00:00
5,2,Milling Machine,Milling Machine 2-1,2024-01-22,0.951,0.882,0.95,0.797,1.18,2024-01-22 00:00:00
5,2,Milling Machine,Milling Machine 2-1,2024-01-29,0.926,0.801,0.935,0.694,1.78,2024-01-29 00:00:00
5,2,Milling Machine,Milling Machine 2-1,2024-02-05,0.909,0.764,0.988,0.686,2.18,2024-02-05 00:00:00
5,2,Milling Machine,Milling Machine 2-1,2024-02-12,0.838,0.848,0.985,0.7,3.89,2024-02-12 00:00:00
5,2,Milling Machine,Milling Machine 2-1,2024-02-19,0.814,0.91,0.906,0.671,4.46,2024-02-19 00:00:00
5,2,Milling Machine,Milling Machine 2-1,2024-02-26,0.9,0.938,0.94,0.794,2.4,2024-02-26 00:00:00
5,2,Milling Machine,Milling Machine 2-1,2024-03-04,0.866,0.892,0.978,0.755,3.22,2024-03-04 00:00:00
5,2,Milling Machine,Milling Machine 2-1,2024-03-11,0.848,0.758,0.907,0.583,3.65,2024-03-11 00:00:00
5,2,Milling Machine,Milling Machine 2-1,2024-03-18,0.855,0.939,0.991,0.796,3.48,2024-03-18 00:00:00
5,2,Milling Machine,Milling Machine 2-1,2024-03-25,0.817,0.895,0.951,0.695,4.39,2024-03-25 00:00:00
5,2,Milling Machine,Milling Machine 2-1,2024-04-01,0.834,0.855,0.924,0.659,3.98,2024-04-01 00:00:00
5,2,Milling Machine,Milling Machine 2-1,2024-04-08,0.913,0.786,0.971,0.697,2.09,2024-04-08 00:00:00
5,2,Milling Machine,Milling Machine 2-1,2024-04-15,0.875,0.771,0.961,0.648,3.0,2024-04-15 00:00:00
5,2,Milling Machine,Milling Machine 2-1,2024-04-22,0.864,0.842,0.963,0.701,3.26,2024-04-22 00:00:00
5,2,Milling Machine,Milling Machine 2-1,2024-04-29,0.959,0.783,0.917,0.689,0.98,2024-04-29 00:00:00
5,2,Milling Machine,Milling Machine 2-1,2024-05-06,0.872,0.818,0.915,0.653,3.07,2024-05-06 00:00:00
5,2,Milling Machine,Milling Machine 2-1,2024-05-13,0.98,0.839,0.933,0.767,0.48,2024-05-13 00:00:00
5,2,Milling Machine,Milling Machine 2-1,2024-05-20,0.857,0.948,0.931,0.756,3.43,2024-05-20 00:00:00
5,2,Milling Machine,Milling Machine 2-1,2024-05-27,0.867,0.903,0.941,0.737,3.19,2024-05-27 00:00:00
5,2,Milling Machine,Milling Machine 2-1,2024-06-03,0.931,0.872,0.953,0.774,1.66,2024-06-03 00:00:00
5,2,Milling Machine,Milling Machine 2-1,2024-06-10,0.839,0.903,0.988,0.749,3.86,2024-06-10 00:00:00
5,2,Milling Machine,Milling Machine 2-1,2024-06-17,0.846,0.942,0.943,0.752,3.7,2024-06-17 00:00:00
5,2,Milling Machine,Milling Machine 2-1,2024-06-24,0.871,0.895,0.993,0.774,3.1,2024-06-24 00:00:00
5,2,Milling Machine,Milling Machine 2-1,2024-07-01,0.907,0.854,0.994,0.77,2.23,2024-07-01 00:00:00
5,2,Milling Machine,Milling Machine 2-1,2024-07-08,0.854,0.81,0.921,0.637,3.5,2024-07-08 00:00:00
5,2,Milling Machine,Milling Machine 2-1,2024-07-15,0.954,0.754,0.978,0.703,1.1,2024-07-15 00:00:00
5,2,Milling Machine,Milling Machine 2-1,2024-07-22,0.924,0.805,0.953,0.709,1.82,2024-07-22 00:00:00
5,2,Milling Machine,Milling Machine 2-1,2024-07-29,0.9,0.935,0.915,0.77,2.4,2024-07-29 00:00:00
5,2,Milling Machine,Milling Machine 2-1,2024-08-05,0.807,0.821,0.913,0.605,4.63,2024-08-05 00:00:00
5,2,Milling Machine,Milling Machine 2-1,2024-08-12,0.866,0.866,0.922,0.691,3.22,2024-08-12 00:00:00
5,2,Milling Machine,Milling Machine 2-1,2024-08-19,0.946,0.768,0.938,0.681,1.3,2024-08-19 00:00:00
5,2,Milling Machine,Milling Machine 2-1,2024-08-26,0.965,0.897,0.969,0.839,0.84,2024-08-26 00:00:00
5,2,Milling Machine,Milling Machine 2-1,2024-09-02,0.943,0.785,0.978,0.724,1.37,2024-09-02 00:00:00
5,2,Milling Machine,Milling Machine 2-1,2024-09-09,0.924,0.865,0.986,0.788,1.82,2024-09-09 00:00:00
5,2,Milling Machine,Milling Machine 2-1,2024-09-16,0.907,0.81,0.969,0.712,2.23,2024-09-16 00:00:00
5,2,Milling Machine,Milling Machine 2-1,2024-09-23,0.904,0.766,0.905,0.627,2.3,2024-09-23 00:00:00
5,2,Milling Machine,Milling Machine 2-1,2024-09-30,0.939,0.82,0.978,0.753,1.46,2024-09-30 00:00:00
5,2,Milling Machine,Milling Machine 2-1,2024-10-07,0.875,0.924,0.983,0.795,3.0,2024-10-07 00:00:00
5,2,Milling Machine,Milling Machine 2-1,2024-10-14,0.841,0.881,0.957,0.709,3.82,2024-10-14 00:00:00
5,2,Milling Machine,Milling Machine 2-1,2024-10-21,0.802,0.905,0.936,0.679,4.75,2024-10-21 00:00:00
5,2,Milling Machine,Milling Machine 2-1,2024-10-28,0.855,0.758,0.951,0.616,3.48,2024-10-28 00:00:00
5,2,Milling Machine,Milling Machine 2-1,2024-11-04,0.827,0.85,0.921,0.647,4.15,2024-11-04 00:00:00
5,2,Milling Machine,Milling Machine 2-1,2024-11-11,0.809,0.896,0.937,0.679,4.58,2024-11-11 00:00:00
5,2,Milling Machine,Milling Machine 2-1,2024-11-18,0.88,0.869,0.948,0.725,2.88,2024-11-18 00:00:00
5,2,Milling Machine,Milling Machine 2-1,2024-11-25,0.84,0.808,0.937,0.636,3.84,2024-11-25 00:00:00
5,2,Milling Machine,Milling Machine 2-1,2024-12-02,0.824,0.767,0.954,0.603,4.22,2024-12-02 00:00:00
5,2,Milling Machine,Milling Machine 2-1,2024-12-09,0.809,0.83,0.908,0.61,4.58,2024-12-09 00:00:00
5,2,Milling Machine,Milling Machine 2-1,2024-12-16,0.89,0.905,0.912,0.735,2.64,2024-12-16 00:00:00
5,2,Milling Machine,Milling Machine 2-1,2024-12-23,0.824,0.862,0.946,0.672,4.22,2024-12-23 00:00:00
5,2,Milling Machine,Milling Machine 2-1,2024-12-30,0.917,0.789,0.959,0.694,1.99,2024-12-30 00:00:00
6,2,Welding Station,Welding Station 2-2,2024-01-01,0.894,0.798,0.925,0.66,2.54,2024-01-01 00:00:00
6,2,Welding Station,Welding Station 2-2,2024-01-08,0.877,0.887,0.955,0.743,2.95,2024-01-08 00:00:00
6,2,Welding Station,Welding Station 2-2,2024-01-15,0.82,0.833,0.935,0.639,4.32,2024-01-15 00:00:00
6,2,Welding Station,Welding Station 2-2,2024-01-22,0.834,0.819,0.962,0.657,3.98,2024-01-22 00:00:00
6,2,Welding Station,Welding Station 2-2,2024-01-29,0.939,0.784,0.933,0.687,1.46,2024-01-29 00:00:00
6,2,Welding Station,Welding Station 2-2,2024-02-05,0.948,0.911,0.959,0.828,1.25,2024-02-05 00:00:00
6,2,Welding Station,Welding Station 2-2,2024-02-12,0.879,0.935,0.922,0.758,2.9,2024-02-12 00:00:00
6,2,Welding Station,Welding Station 2-2,2024-02-19,0.923,0.781,0.969,0.699,1.85,2024-02-19 00:00:00
6,2,Welding Station,Welding Station 2-2,2024-02-26,0.815,0.898,0.923,0.676,4.44,2024-02-26 00:00:00
6,2,Welding Station,Welding Station 2-2,2024-03-04,0.912,0.78,0.979,0.696,2.11,2024-03-04 00:00:00
6,2,Welding Station,Welding Station 2-2,2024-03-11,0.852,0.819,0.976,0.681,3.55,2024-03-11 00:00:00
6,2,Welding Station,Welding Station 2-2,2024-03-18,0.855,0.844,0.932,0.673,3.48,2024-03-18 00:00:00
6,2,Welding Station,Welding Station 2-2,2024-03-25,0.933,0.792,0.952,0.703,1.61,2024-03-25 00:00:00
6,2,Welding Station,Welding Station 2-2,2024-04-01,0.935,0.86,0.959,0.771,1.56,2024-04-01 00:00:00
6,2,Welding Station,Welding Station 2-2,2024-04-08,0.979,0.889,0.963,0.838,0.5,2024-04-08 00:00:00
6,2,Welding Station,Welding Station 2-2,2024-04-15,0.868,0.931,0.95,0.768,3.17,2024-04-15 00:00:00
6,2,Welding Station,Welding Station 2-2,2024-04-22,0.846,0.762,0.919,0.592,3.7,2024-04-22 00:00:00
6,2,Welding Station,Welding Station 2-2,2024-04-29,0.925,0.804,0.944,0.702,1.8,2024-04-29 00:00:00
6,2,Welding Station,Welding Station 2-2,2024-05-06,0.97,0.763,0.963,0.713,0.72,2024-05-06 00:00:00
6,2,Welding Station,Welding Station 2-2,2024-05-13,0.919,0.933,0.934,0.801,1.94,2024-05-13 00:00:00
6,2,Welding Station,Welding Station 2-2,2024-05-20,0.819,0.808,0.984,0.651,4.34,2024-05-20 00:00:00
6,2,Welding Station,Welding Station 2-2,2024-05-27,0.87,0.946,0.948,0.78,3.12,2024-05-27 00:00:00
6,2,Welding Station,Welding Station 2-2,2024-06-03,0.928,0.931,0.946,0.817,1.73,2024-06-03 00:00:00
6,2,Welding Station,Welding Station 2-2,2024-06-10,0.907,0.768,0.919,0.64,2.23,2024-06-10 00:00:00
6,2,Welding Station,Welding Station 2-2,2024-06-17,0.974,0.862,0.968,0.813,0.62,2024-06-17 00:00:00
6,2,Welding Station,Welding Station 2-2,2024-06-24,0.807,0.934,0.929,0.7,4.63,2024-06-24 00:00:00
6,2,Welding Station,Welding Station 2-2,2024-07-01,0.888,0.899,0.902,0.72,2.69,2024-07-01 00:00:00
6,2,Welding Station,Welding Station 2-2,2024-07-08,0.923,0.821,0.929,0.704,1.85,2024-07-08 00:00:00
6,2,Welding Station,Welding Station 2-2,2024-07-15,0.979,0.946,0.926,0.858,0.5,2024-07-15 00:00:00
6,2,Welding Station,Welding Station 2-2,2024-07-22,0.811,0.802,0.937,0.609,4.54,2024-07-22 00:00:00
6,2,Welding Station,Welding Station 2-2,2024-07-29,0.98,0.948,0.99,0.92,0.48,2024-07-29 00:00:00
6,2,Welding Station,Welding Station 2-2,2024-08-05,0.971,0.795,0.932,0.719,0.7,2024-08-05 00:00:00
6,2,Welding Station,Welding Station 2-2,2024-08-12,0.871,0.777,0.969,0.656,3.1,2024-08-12 00:00:00
6,2,Welding Station,Welding Station 2-2,2024-08-19,0.894,0.886,0.983,0.779,2.54,2024-08-19 00:00:00
6,2,Welding Station,Welding Station 2-2,2024-08-26,0.924,0.833,0.954,0.734,1.82,2024-08-26 00:00:00
6,2,Welding Station,Welding Station 2-2,2024-09-02,0.877,0.812,0.958,0.682,2.95,2024-09-02 00:00:00
6,2,Welding Station,Welding Station 2-2,2024-09-09,0.881,0.776,0.962,0.658,2.86,2024-09-09 00:00:00
6,2,Welding Station,Welding Station 2-2,2024-09-16,0.905,0.887,0.919,0.738,2.28,2024-09-16 00:00:00
6,2,Welding Station,Welding Station 2-2,2024-09-23,0.825,0.888,0.985,0.722,4.2,2024-09-23 00:00:00
6,2,Welding Station,Welding Station 2-2,2024-09-30,0.964,0.836,0.986,0.795,0.86,2024-09-30 00:00:00
6,2,Welding Station,Welding Station 2-2,2024-10-07,0.939,0.881,0.954,0.789,1.46,2024-10-07 00:00:00
6,2,Welding Station,Welding Station 2-2,2024-10-14,0.828,0.764,0.951,0.602,4.13,2024-10-14 00:00:00
6,2,Welding Station,Welding Station 2-2,2024-10-21,0.929,0.787,0.98,0.717,1.7,2024-10-21 00:00:00
6,2,Welding Station,Welding Station 2-2,2024-10-28,0.826,0.756,0.93,0.581,4.18,2024-10-28 00:00:00
6,2,Welding Station,Welding Station 2-2,2024-11-04,0.975,0.942,0.929,0.853,0.6,2024-11-04 00:00:00
6,2,Welding Station,Welding Station 2-2,2024-11-11,0.934,0.914,0.961,0.82,1.58,2024-11-11 00:00:00
6,2,Welding Station,Welding Station 2-2,2024-11-18,0.933,0.78,0.918,0.668,1.61,2024-11-18 00:00:00
6,2,Welding Station,Welding Station 2-2,2024-11-25,0.824,0.755,0.994,0.618,4.22,2024-11-25 00:00:00
6,2,Welding Station,Welding Station 2-2,2024-12-02,0.911,0.871,0.958,0.76,2.14,2024-12-02 00:00:00
6,2,Welding Station,Welding Station 2-2,2024-12-09,0.907,0.796,0.902,0.651,2.23,2024-12-09 00:00:00
6,2,Welding Station,Welding Station 2-2,2024-12-16,0.814,0.906,0.913,0.673,4.46,2024-12-16 00:00:00
6,2,Welding Station,Welding Station 2-2,2024-12-23,0.952,0.844,0.962,0.773,1.15,2024-12-23 00:00:00
6,2,Welding Station,Welding Station 2-2,2024-12-30,0.833,0.827,0.945,0.651,4.01,2024-12-30 00:00:00
7,3,Conveyor System,Conveyor System 3-1,2024-01-01,0.841,0.832,0.992,0.694,3.82,2024-01-01 00:00:00
7,3,Conveyor System,Conveyor System 3-1,2024-01-08,0.967,0.94,0.921,0.837,0.79,2024-01-08 00:00:00
7,3,Conveyor System,Conveyor System 3-1,2024-01-15,0.921,0.791,0.919,0.67,1.9,2024-01-15 00:00:00
7,3,Conveyor System,Conveyor System 3-1,2024-01-22,0.832,0.941,0.942,0.738,4.03,2024-01-22 00:00:00
7,3,Conveyor System,Conveyor System 3-1,2024-01-29,0.911,0.888,0.982,0.794,2.14,2024-01-29 00:00:00
7,3,Conveyor System,Conveyor System 3-1,2024-02-05,0.96,0.836,0.974,0.782,0.96,2024-02-05 00:00:00
7,3,Conveyor System,Conveyor System 3-1,2024-02-12,0.909,0.915,0.968,0.805,2.18,2024-02-12 00:00:00
7,3,Conveyor System,Conveyor System 3-1,2024-02-19,0.871,0.938,0.954,0.779,3.1,2024-02-19 00:00:00
7,3,Conveyor System,Conveyor System 3-1,2024-02-26,0.897,0.878,0.967,0.762,2.47,2024-02-26 00:00:00
7,3,Conveyor System,Conveyor System 3-1,2024-03-04,0.807,0.772,0.943,0.587,4.63,2024-03-04 00:00:00
7,3,Conveyor System,Conveyor System 3-1,2024-03-11,0.958,0.926,0.923,0.819,1.01,2024-03-11 00:00:00
7,3,Conveyor System,Conveyor System 3-1,2024-03-18,0.897,0.947,0.904,0.768,2.47,2024-03-18 00:00:00
7,3,Conveyor System,Conveyor System 3-1,2024-03-25,0.87,0.903,0.991,0.779,3.12,2024-03-25 00:00:00
7,3,Conveyor System,Conveyor System 3-1,2024-04-01,0.834,0.838,0.984,0.688,3.98,2024-04-01 00:00:00
7,3,Conveyor System,Conveyor System 3-1,2024-04-08,0.939,0.807,0.916,0.694,1.46,2024-04-08 00:00:00
7,3,Conveyor System,Conveyor System 3-1,2024-04-15,0.853,0.934,0.966,0.77,3.53,2024-04-15 00:00:00
7,3,Conveyor System,Conveyor System 3-1,2024-04-22,0.963,0.843,0.961,0.78,0.89,2024-04-22 00:00:00
7,3,Conveyor System,Conveyor System 3-1,2024-04-29,0.816,0.85,0.917,0.636,4.42,2024-04-29 00:00:00
7,3,Conveyor System,Conveyor System 3-1,2024-05-06,0.905,0.929,0.952,0.8,2.28,2024-05-06 00:00:00
7,3,Conveyor System,Conveyor System 3-1,2024-05-13,0.871,0.815,0.902,0.64,3.1,2024-05-13 00:00:00
7,3,Conveyor System,Conveyor System 3-1,2024-05-20,0.882,0.929,0.985,0.807,2.83,2024-05-20 00:00:00
7,3,Conveyor System,Conveyor System 3-1,2024-05-27,0.959,0.768,0.931,0.686,0.98,2024-05-27 00:00:00
7,3,Conveyor System,Conveyor System 3-1,2024-06-03,0.917,0.892,0.916,0.749,1.99,2024-06-03 00:00:00
7,3,Conveyor System,Conveyor System 3-1,2024-06-10,0.932,0.768,0.967,0.692,1.63,2024-06-10 00:00:00
7,3,Conveyor System,Conveyor System 3-1,2024-06-17,0.914,0.767,0.967,0.678,2.06,2024-06-17 00:00:00
7,3,Conveyor System,Conveyor System 3-1,2024-06-24,0.931,0.945,0.958,0.843,1.66,2024-06-24 00:00:00
7,3,Conveyor System,Conveyor System 3-1,2024-07-01,0.829,0.86,0.904,0.644,4.1,2024-07-01 00:00:00
7,3,Conveyor System,Conveyor System 3-1,2024-07-08,0.831,0.817,0.983,0.667,4.06,2024-07-08 00:00:00
7,3,Conveyor System,Conveyor System 3-1,2024-07-15,0.955,0.782,0.914,0.683,1.08,2024-07-15 00:00:00
7,3,Conveyor System,Conveyor System 3-1,2024-07-22,0.938,0.76,0.929,0.662,1.49,2024-07-22 00:00:00
7,3,Conveyor System,Conveyor System 3-1,2024-07-29,0.931,0.942,0.927,0.813,1.66,2024-07-29 00:00:00
7,3,Conveyor System,Conveyor System 3-1,2024-08-05,0.833,0.93,0.991,0.768,4.01,2024-08-05 00:00:00
7,3,Conveyor System,Conveyor System 3-1,2024-08-12,0.801,0.903,0.901,0.652,4.78,2024-08-12 00:00:00
7,3,Conveyor System,Conveyor System 3-1,2024-08-19,0.89,0.85,0.977,0.739,2.64,2024-08-19 00:00:00
7,3,Conveyor System,Conveyor System 3-1,2024-08-26,0.909,0.849,0.921,0.711,2.18,2024-08-26 00:00:00
7,3,Conveyor System,Conveyor System 3-1,2024-09-02,0.919,0.841,0.942,0.728,1.94,2024-09-02 00:00:00
7,3,Conveyor System,Conveyor System 3-1,2024-09-09,0.908,0.751,0.984,0.671,2.21,2024-09-09 00:00:00
7,3,Conveyor System,Conveyor System 3-1,2024-09-16,0.85,0.876,0.978,0.728,3.6,2024-09-16 00:00:00
7,3,Conveyor System,Conveyor System 3-1,2024-09-23,0.837,0.787,0.905,0.596,3.91,2024-09-23 00:00:00
7,3,Conveyor System,Conveyor System 3-1,2024-09-30,0.863,0.779,0.903,0.607,3.29,2024-09-30 00:00:00
7,3,Conveyor System,Conveyor System 3-1,2024-10-07,0.904,0.871,0.931,0.733,2.3,2024-10-07 00:00:00
7,3,Conveyor System,Conveyor System 3-1,2024-10-14,0.816,0.772,0.994,0.626,4.42,2024-10-14 00:00:00
7,3,Conveyor System,Conveyor System 3-1,2024-10-21,0.829,0.807,0.963,0.644,4.1,2024-10-21 00:00:00
7,3,Conveyor System,Conveyor System 3-1,2024-10-28,0.926,0.864,0.953,0.762,1.78,2024-10-28 00:00:00
7,3,Conveyor System,Conveyor System 3-1,2024-11-04,0.974,0.9,0.934,0.819,0.62,2024-11-04 00:00:00
7,3,Conveyor System,Conveyor System 3-1,2024-11-11,0.806,0.904,0.931,0.678,4.66,2024-11-11 00:00:00
7,3,Conveyor System,Conveyor System 3-1,2024-11-18,0.962,0.914,0.972,0.855,0.91,2024-11-18 00:00:00
7,3,Conveyor System,Conveyor System 3-1,2024-11-25,0.952,0.763,0.945,0.686,1.15,2024-11-25 00:00:00
7,3,Conveyor System,Conveyor System 3-1,2024-12-02,0.822,0.922,0.931,0.706,4.27,2024-12-02 00:00:00
7,3,Conveyor System,Conveyor System 3-1,2024-12-09,0.874,0.792,0.92,0.637,3.02,2024-12-09 00:00:00
7,3,Conveyor System,Conveyor System 3-1,2024-12-16,0.81,0.864,0.993,0.695,4.56,2024-12-16 00:00:00
7,3,Conveyor System,Conveyor System 3-1,2024-12-23,0.895,0.768,0.969,0.666,2.52,2024-12-23 00:00:00
7,3,Conveyor System,Conveyor System 3-1,2024-12-30,0.909,0.908,0.967,0.798,2.18,2024-12-30 00:00:00
8,3,Heat Treatment Oven,Heat Treatment Oven 3-2,2024-01-01,0.91,0.813,0.95,0.703,2.16,2024-01-01 00:00:00
8,3,Heat Treatment Oven,Heat Treatment Oven 3-2,2024-01-08,0.979,0.821,0.912,0.733,0.5,2024-01-08 00:00:00
8,3,Heat Treatment Oven,Heat Treatment Oven 3-2,2024-01-15,0.901,0.854,0.96,0.739,2.38,2024-01-15 00:00:00
8,3,Heat Treatment Oven,Heat Treatment Oven 3-2,2024-01-22,0.889,0.786,0.958,0.669,2.66,2024-01-22 00:00:00
8,3,Heat Treatment Oven,Heat Treatment Oven 3-2,2024-01-29,0.928,0.946,0.9,0.79,1.73,2024-01-29 00:00:00
8,3,Heat Treatment Oven,Heat Treatment Oven 3-2,2024-02-05,0.804,0.875,0.911,0.641,4.7,2024-02-05 00:00:00
8,3,Heat Treatment Oven,Heat Treatment Oven 3-2,2024-02-12,0.953,0.91,0.995,0.863,1.13,2024-02-12 00:00:00
8,3,Heat Treatment Oven,Heat Treatment Oven 3-2,2024-02-19,0.875,0.817,0.953,0.681,3.0,2024-02-19 00:00:00
8,3,Heat Treatment Oven,Heat Treatment Oven 3-2,2024-02-26,0.915,0.752,0.919,0.632,2.04,2024-02-26 00:00:00
8,3,Heat Treatment Oven,Heat Treatment Oven 3-2,2024-03-04,0.851,0.908,0.929,0.718,3.58,2024-03-04 00:00:00
8,3,Heat Treatment Oven,Heat Treatment Oven 3-2,2024-03-11,0.891,0.815,0.901,0.654,2.62,2024-03-11 00:00:00
8,3,Heat Treatment Oven,Heat Treatment Oven 3-2,2024-03-18,0.923,0.818,0.969,0.732,1.85,2024-03-18 00:00:00
8,3,Heat Treatment Oven,Heat Treatment Oven 3-2,2024-03-25,0.911,0.756,0.917,0.632,2.14,2024-03-25 00:00:00
8,3,Heat Treatment Oven,Heat Treatment Oven 3-2,2024-04-01,0.859,0.818,0.964,0.677,3.38,2024-04-01 00:00:00
8,3,Heat Treatment Oven,Heat Treatment Oven 3-2,2024-04-08,0.965,0.909,0.961,0.843,0.84,2024-04-08 00:00:00
8,3,Heat Treatment Oven,Heat Treatment Oven 3-2,2024-04-15,0.887,0.875,0.985,0.764,2.71,2024-04-15 00:00:00
8,3,Heat Treatment Oven,Heat Treatment Oven 3-2,2024-04-22,0.897,0.817,0.974,0.714,2.47,2024-04-22 00:00:00
8,3,Heat Treatment Oven,Heat Treatment Oven 3-2,2024-04-29,0.875,0.899,0.979,0.77,3.0,2024-04-29 00:00:00
8,3,Heat Treatment Oven,Heat Treatment Oven 3-2,2024-05-06,0.854,0.895,0.93,0.711,3.5,2024-05-06 00:00:00
8,3,Heat Treatment Oven,Heat Treatment Oven 3-2,2024-05-13,0.896,0.792,0.965,0.685,2.5,2024-05-13 00:00:00
8,3,Heat Treatment Oven,Heat Treatment Oven 3-2,2024-05-20,0.944,0.928,0.934,0.818,1.34,2024-05-20 00:00:00
8,3,Heat Treatment Oven,Heat Treatment Oven 3-2,2024-05-27,0.975,0.806,0.903,0.71,0.6,2024-05-27 00:00:00
8,3,Heat Treatment Oven,Heat Treatment Oven 3-2,2024-06-03,0.977,0.875,0.98,0.838,0.55,2024-06-03 00:00:00
8,3,Heat Treatment Oven,Heat Treatment Oven 3-2,2024-06-10,0.903,0.828,0.957,0.716,2.33,2024-06-10 00:00:00
8,3,Heat Treatment Oven,Heat Treatment Oven 3-2,2024-06-17,0.956,0.9,0.967,0.832,1.06,2024-06-17 00:00:00
8,3,Heat Treatment Oven,Heat Treatment Oven 3-2,2024-06-24,0.857,0.756,0.939,0.608,3.43,2024-06-24 00:00:00
8,3,Heat Treatment Oven,Heat Treatment Oven 3-2,2024-07-01,0.889,0.798,0.943,0.669,2.66,2024-07-01 00:00:00
8,3,Heat Treatment Oven,Heat Treatment Oven 3-2,2024-07-08,0.971,0.793,0.929,0.715,0.7,2024-07-08 00:00:00
8,3,Heat Treatment Oven,Heat Treatment Oven 3-2,2024-07-15,0.82,0.907,0.974,0.724,4.32,2024-07-15 00:00:00
8,3,Heat Treatment Oven,Heat Treatment Oven 3-2,2024-07-22,0.964,0.839,0.902,0.73,0.86,2024-07-22 00:00:00
8,3,Heat Treatment Oven,Heat Treatment Oven 3-2,2024-07-29,0.887,0.85,0.918,0.692,2.71,2024-07-29 00:00:00
8,3,Heat Treatment Oven,Heat Treatment Oven 3-2,2024-08-05,0.966,0.896,0.95,0.822,0.82,2024-08-05 00:00:00
8,3,Heat Treatment Oven,Heat Treatment Oven 3-2,2024-08-12,0.94,0.779,0.983,0.72,1.44,2024-08-12 00:00:00
8,3,Heat Treatment Oven,Heat Treatment Oven 3-2,2024-08-19,0.948,0.938,0.964,0.857,1.25,2024-08-19 00:00:00
8,3,Heat Treatment Oven,Heat Treatment Oven 3-2,2024-08-26,0.824,0.895,0.944,0.696,4.22,2024-08-26 00:00:00
8,3,Heat Treatment Oven,Heat Treatment Oven 3-2,2024-09-02,0.928,0.854,0.9,0.713,1.73,2024-09-02 00:00:00
8,3,Heat Treatment Oven,Heat Treatment Oven 3-2,2024-09-09,0.968,0.887,0.956,0.821,0.77,2024-09-09 00:00:00
8,3,Heat Treatment Oven,Heat Treatment Oven 3-2,2024-09-16,0.816,0.843,0.904,0.622,4.42,2024-09-16 00:00:00
8,3,Heat Treatment Oven,Heat Treatment Oven 3-2,2024-09-23,0.894,0.882,0.93,0.733,2.54,2024-09-23 00:00:00
8,3,Heat Treatment Oven,Heat Treatment Oven 3-2,2024-09-30,0.904,0.812,0.985,0.723,2.3,2024-09-30 00:00:00
8,3,Heat Treatment Oven,Heat Treatment Oven 3-2,2024-10-07,0.858,0.789,0.926,0.627,3.41,2024-10-07 00:00:00
8,3,Heat Treatment Oven,Heat Treatment Oven 3-2,2024-10-14,0.857,0.838,0.911,0.654,3.43,2024-10-14 00:00:00
8,3,Heat Treatment Oven,Heat Treatment Oven 3-2,2024-10-21,0.827,0.805,0.901,0.6,4.15,2024-10-21 00:00:00
8,3,Heat Treatment Oven,Heat Treatment Oven 3-2,2024-10-28,0.912,0.853,0.92,0.716,2.11,2024-10-28 00:00:00
8,3,Heat Treatment Oven,Heat Treatment Oven 3-2,2024-11-04,0.863,0.814,0.913,0.641,3.29,2024-11-04 00:00:00
8,3,Heat Treatment Oven,Heat Treatment Oven 3-2,2024-11-11,0.927,0.807,0.923,0.69,1.75,2024-11-11 00:00:00
8,3,Heat Treatment Oven,Heat Treatment Oven 3-2,2024-11-18,0.813,0.873,0.932,0.661,4.49,2024-11-18 00:00:00
8,3,Heat Treatment Oven,Heat Treatment Oven 3-2,2024-11-25,0.88,0.776,0.945,0.645,2.88,2024-11-25 00:00:00
8,3,Heat Treatment Oven,Heat Treatment Oven 3-2,2024-12-02,0.922,0.771,0.905,0.643,1.87,2024-12-02 00:00:00
8,3,Heat Treatment Oven,Heat Treatment Oven 3-2,2024-12-09,0.877,0.786,0.957,0.66,2.95,2024-12-09 00:00:00
8,3,Heat Treatment Oven,Heat Treatment Oven 3-2,2024-12-16,0.907,0.917,0.966,0.803,2.23,2024-12-16 00:00:00
8,3,Heat Treatment Oven,Heat Treatment Oven 3-2,2024-12-23,0.911,0.812,0.978,0.723,2.14,2024-12-23 00:00:00
8,3,Heat Treatment Oven,Heat Treatment Oven 3-2,2024-12-30,0.928,0.884,0.951,0.78,1.73,2024-12-30 00:00:00
9,4,Packaging Machine,Packaging Machine 4-1,2024-01-01,0.824,0.913,0.987,0.743,4.22,2024-01-01 00:00:00
9,4,Packaging Machine,Packaging Machine 4-1,2024-01-08,0.884,0.841,0.965,0.717,2.78,2024-01-08 00:00:00
9,4,Packaging Machine,Packaging Machine 4-1,2024-01-15,0.928,0.843,0.922,0.721,1.73,2024-01-15 00:00:00
9,4,Packaging Machine,Packaging Machine 4-1,2024-01-22,0.84,0.922,0.959,0.743,3.84,2024-01-22 00:00:00
9,4,Packaging Machine,Packaging Machine 4-1,2024-01-29,0.964,0.828,0.966,0.771,0.86,2024-01-29 00:00:00
9,4,Packaging Machine,Packaging Machine 4-1,2024-02-05,0.92,0.908,0.984,0.822,1.92,2024-02-05 00:00:00
9,4,Packaging Machine,Packaging Machine 4-1,2024-02-12,0.882,0.756,0.945,0.63,2.83,2024-02-12 00:00:00
9,4,Packaging Machine,Packaging Machine 4-1,2024-02-19,0.863,0.842,0.916,0.666,3.29,2024-02-19 00:00:00
9,4,Packaging Machine,Packaging Machine 4-1,2024-02-26,0.938,0.871,0.912,0.745,1.49,2024-02-26 00:00:00
9,4,Packaging Machine,Packaging Machine 4-1,2024-03-04,0.819,0.914,0.976,0.731,4.34,2024-03-04 00:00:00
9,4,Packaging Machine,Packaging Machine 4-1,2024-03-11,0.859,0.88,0.975,0.737,3.38,2024-03-11 00:00:00
9,4,Packaging Machine,Packaging Machine 4-1,2024-03-18,0.896,0.83,0.939,0.698,2.5,2024-03-18 00:00:00
9,4,Packaging Machine,Packaging Machine 4-1,2024-03-25,0.912,0.86,0.993,0.779,2.11,2024-03-25 00:00:00
9,4,Packaging Machine,Packaging Machine 4-1,2024-04-01,0.869,0.818,0.977,0.694,3.14,2024-04-01 00:00:00
9,4,Packaging Machine,Packaging Machine 4-1,2024-04-08,0.906,0.907,0.941,0.773,2.26,2024-04-08 00:00:00
9,4,Packaging Machine,Packaging Machine 4-1,2024-04-15,0.942,0.859,0.922,0.746,1.39,2024-04-15 00:00:00
9,4,Packaging Machine,Packaging Machine 4-1,2024-04-22,0.919,0.766,0.988,0.696,1.94,2024-04-22 00:00:00
9,4,Packaging Machine,Packaging Machine 4-1,2024-04-29,0.903,0.847,0.956,0.731,2.33,2024-04-29 00:00:00
9,4,Packaging Machine,Packaging Machine 4-1,2024-05-06,0.883,0.861,0.978,0.744,2.81,2024-05-06 00:00:00
9,4,Packaging Machine,Packaging Machine 4-1,2024-05-13,0.832,0.941,0.907,0.71,4.03,2024-05-13 00:00:00
9,4,Packaging Machine,Packaging Machine 4-1,2024-05-20,0.82,0.913,0.973,0.728,4.32,2024-05-20 00:00:00
9,4,Packaging Machine,Packaging Machine 4-1,2024-05-27,0.868,0.849,0.963,0.71,3.17,2024-05-27 00:00:00
9,4,Packaging Machine,Packaging Machine 4-1,2024-06-03,0.816,0.913,0.984,0.733,4.42,2024-06-03 00:00:00
9,4,Packaging Machine,Packaging Machine 4-1,2024-06-10,0.963,0.877,0.9,0.76,0.89,2024-06-10 00:00:00
9,4,Packaging Machine,Packaging Machine 4-1,2024-06-17,0.826,0.78,0.95,0.612,4.18,2024-06-17 00:00:00
9,4,Packaging Machine,Packaging Machine 4-1,2024-06-24,0.87,0.866,0.919,0.692,3.12,2024-06-24 00:00:00
9,4,Packaging Machine,Packaging Machine 4-1,2024-07-01,0.923,0.813,0.954,0.716,1.85,2024-07-01 00:00:00
9,4,Packaging Machine,Packaging Machine 4-1,2024-07-08,0.964,0.811,0.99,0.774,0.86,2024-07-08 00:00:00
9,4,Packaging Machine,Packaging Machine 4-1,2024-07-15,0.878,0.947,0.933,0.776,2.93,2024-07-15 00:00:00
9,4,Packaging Machine,Packaging Machine 4-1,2024-07-22,0.816,0.752,0.994,0.61,4.42,2024-07-22 00:00:00
9,4,Packaging Machine,Packaging Machine 4-1,2024-07-29,0.873,0.776,0.928,0.629,3.05,2024-07-29 00:00:00
9,4,Packaging Machine,Packaging Machine 4-1,2024-08-05,0.866,0.86,0.905,0.674,3.22,2024-08-05 00:00:00
9,4,Packaging Machine,Packaging Machine 4-1,2024-08-12,0.927,0.914,0.934,0.791,1.75,2024-08-12 00:00:00
9,4,Packaging Machine,Packaging Machine 4-1,2024-08-19,0.955,0.923,0.922,0.813,1.08,2024-08-19 00:00:00
9,4,Packaging Machine,Packaging Machine 4-1,2024-08-26,0.926,0.829,0.93,0.714,1.78,2024-08-26 00:00:00
9,4,Packaging Machine,Packaging Machine 4-1,2024-09-02,0.869,0.826,0.952,0.683,3.14,2024-09-02 00:00:00
9,4,Packaging Machine,Packaging Machine 4-1,2024-09-09,0.919,0.845,0.918,0.713,1.94,2024-09-09 00:00:00
9,4,Packaging Machine,Packaging Machine 4-1,2024-09-16,0.869,0.935,0.98,0.796,3.14,2024-09-16 00:00:00
9,4,Packaging Machine,Packaging Machine 4-1,2024-09-23,0.828,0.949,0.964,0.757,4.13,2024-09-23 00:00:00
9,4,Packaging Machine,Packaging Machine 4-1,2024-09-30,0.824,0.764,0.901,0.567,4.22,2024-09-30 00:00:00
9,4,Packaging Machine,Packaging Machine 4-1,2024-10-07,0.93,0.847,0.941,0.741,1.68,2024-10-07 00:00:00
9,4,Packaging Machine,Packaging Machine 4-1,2024-10-14,0.978,0.767,0.961,0.721,0.53,2024-10-14 00:00:00
9,4,Packaging Machine,Packaging Machine 4-1,2024-10-21,0.875,0.841,0.975,0.717,3.0,2024-10-21 00:00:00
9,4,Packaging Machine,Packaging Machine 4-1,2024-10-28,0.909,0.835,0.917,0.696,2.18,2024-10-28 00:00:00
9,4,Packaging Machine,Packaging Machine 4-1,2024-11-04,0.892,0.86,0.943,0.723,2.59,2024-11-04 00:00:00
9,4,Packaging Machine,Packaging Machine 4-1,2024-11-11,0.864,0.787,0.957,0.651,3.26,2024-11-11 00:00:00
9,4,Packaging Machine,Packaging Machine 4-1,2024-11-18,0.904,0.919,0.922,0.766,2.3,2024-11-18 00:00:00
9,4,Packaging Machine,Packaging Machine 4-1,2024-11-25,0.89,0.832,0.952,0.705,2.64,2024-11-25 00:00:00
9,4,Packaging Machine,Packaging Machine 4-1,2024-12-02,0.866,0.946,0.954,0.782,3.22,2024-12-02 00:00:00
9,4,Packaging Machine,Packaging Machine 4-1,2024-12-09,0.927,0.773,0.946,0.678,1.75,2024-12-09 00:00:00
9,4,Packaging Machine,Packaging Machine 4-1,2024-12-16,0.924,0.778,0.969,0.697,1.82,2024-12-16 00:00:00
9,4,Packaging Machine,Packaging Machine 4-1,2024-12-23,0.977,0.947,0.974,0.901,0.55,2024-12-23 00:00:00
9,4,Packaging Machine,Packaging Machine 4-1,2024-12-30,0.884,0.766,0.985,0.667,2.78,2024-12-30 00:00:00
10,4,Milling Machine,Milling Machine 4-2,2024-01-01,0.844,0.876,0.963,0.712,3.74,2024-01-01 00:00:00
10,4,Milling Machine,Milling Machine 4-2,2024-01-08,0.92,0.887,0.951,0.776,1.92,2024-01-08 00:00:00
10,4,Milling Machine,Milling Machine 4-2,2024-01-15,0.904,0.873,0.986,0.778,2.3,2024-01-15 00:00:00
10,4,Milling Machine,Milling Machine 4-2,2024-01-22,0.896,0.752,0.943,0.635,2.5,2024-01-22 00:00:00
10,4,Milling Machine,Milling Machine 4-2,2024-01-29,0.963,0.865,0.931,0.776,0.89,2024-01-29 00:00:00
10,4,Milling Machine,Milling Machine 4-2,2024-02-05,0.864,0.946,0.928,0.758,3.26,2024-02-05 00:00:00
10,4,Milling Machine,Milling Machine 4-2,2024-02-12,0.83,0.889,0.957,0.706,4.08,2024-02-12 00:00:00
10,4,Milling Machine,Milling Machine 4-2,2024-02-19,0.855,0.907,0.925,0.717,3.48,2024-02-19 00:00:00
10,4,Milling Machine,Milling Machine 4-2,2024-02-26,0.913,0.866,0.954,0.754,2.09,2024-02-26 00:00:00
10,4,Milling Machine,Milling Machine 4-2,2024-03-04,0.918,0.808,0.97,0.719,1.97,2024-03-04 00:00:00
10,4,Milling Machine,Milling Machine 4-2,2024-03-11,0.805,0.847,0.912,0.622,4.68,2024-03-11 00:00:00
10,4,Milling Machine,Milling Machine 4-2,2024-03-18,0.814,0.907,0.924,0.682,4.46,2024-03-18 00:00:00
10,4,Milling Machine,Milling Machine 4-2,2024-03-25,0.911,0.805,0.924,0.678,2.14,2024-03-25 00:00:00
10,4,Milling Machine,Milling Machine 4-2,2024-04-01,0.933,0.871,0.986,0.801,1.61,2024-04-01 00:00:00
10,4,Milling Machine,Milling Machine 4-2,2024-04-08,0.933,0.882,0.935,0.769,1.61,2024-04-08 00:00:00
10,4,Milling Machine,Milling Machine 4-2,2024-04-15,0.832,0.907,0.922,0.696,4.03,2024-04-15 00:00:00
10,4,Milling Machine,Milling Machine 4-2,2024-04-22,0.833,0.855,0.903,0.643,4.01,2024-04-22 00:00:00
10,4,Milling Machine,Milling Machine 4-2,2024-04-29,0.977,0.943,0.957,0.882,0.55,2024-04-29 00:00:00
10,4,Milling Machine,Milling Machine 4-2,2024-05-06,0.948,0.918,0.972,0.846,1.25,2024-05-06 00:00:00
10,4,Milling Machine,Milling Machine 4-2,2024-05-13,0.874,0.827,0.963,0.696,3.02,2024-05-13 00:00:00
10,4,Milling Machine,Milling Machine 4-2,2024-05-20,0.931,0.783,0.955,0.696,1.66,2024-05-20 00:00:00
10,4,Milling Machine,Milling Machine 4-2,2024-05-27,0.952,0.761,0.925,0.67,1.15,2024-05-27 00:00:00
10,4,Milling Machine,Milling Machine 4-2,2024-06-03,0.948,0.761,0.944,0.681,1.25,2024-06-03 00:00:00
10,4,Milling Machine,Milling Machine 4-2,2024-06-10,0.886,0.845,0.99,0.741,2.74,2024-06-10 00:00:00
10,4,Milling Machine,Milling Machine 4-2,2024-06-17,0.966,0.797,0.965,0.743,0.82,2024-06-17 00:00:00
10,4,Milling Machine,Milling Machine 4-2,2024-06-24,0.87,0.803,0.95,0.664,3.12,2024-06-24 00:00:00
10,4,Milling Machine,Milling Machine 4-2,2024-07-01,0.878,0.808,0.976,0.692,2.93,2024-07-01 00:00:00
10,4,Milling Machine,Milling Machine 4-2,2024-07-08,0.869,0.813,0.95,0.671,3.14,2024-07-08 00:00:00
10,4,Milling Machine,Milling Machine 4-2,2024-07-15,0.972,0.769,0.95,0.71,0.67,2024-07-15 00:00:00
10,4,Milling Machine,Milling Machine 4-2,2024-07-22,0.864,0.919,0.958,0.761,3.26,2024-07-22 00:00:00
10,4,Milling Machine,Milling Machine 4-2,2024-07-29,0.917,0.805,0.926,0.684,1.99,2024-07-29 00:00:00
10,4,Milling Machine,Milling Machine 4-2,2024-08-05,0.944,0.801,0.955,0.722,1.34,2024-08-05 00:00:00
10,4,Milling Machine,Milling Machine 4-2,2024-08-12,0.883,0.885,0.923,0.721,2.81,2024-08-12 00:00:00
10,4,Milling Machine,Milling Machine 4-2,2024-08-19,0.921,0.904,0.949,0.79,1.9,2024-08-19 00:00:00
10,4,Milling Machine,Milling Machine 4-2,2024-08-26,0.922,0.949,0.93,0.814,1.87,2024-08-26 00:00:00
10,4,Milling Machine,Milling Machine 4-2,2024-09-02,0.802,0.752,0.906,0.546,4.75,2024-09-02 00:00:00
10,4,Milling Machine,Milling Machine 4-2,2024-09-09,0.874,0.855,0.965,0.721,3.02,2024-09-09 00:00:00
10,4,Milling Machine,Milling Machine 4-2,2024-09-16,0.863,0.895,0.924,0.714,3.29,2024-09-16 00:00:00
10,4,Milling Machine,Milling Machine 4-2,2024-09-23,0.806,0.874,0.905,0.638,4.66,2024-09-23 00:00:00
10,4,Milling Machine,Milling Machine 4-2,2024-09-30,0.907,0.929,0.921,0.776,2.23,2024-09-30 00:00:00
10,4,Milling Machine,Milling Machine 4-2,2024-10-07,0.908,0.774,0.991,0.696,2.21,2024-10-07 00:00:00
10,4,Milling Machine,Milling Machine 4-2,2024-10-14,0.816,0.871,0.936,0.665,4.42,2024-10-14 00:00:00
10,4,Milling Machine,Milling Machine 4-2,2024-10-21,0.937,0.88,0.976,0.805,1.51,2024-10-21 00:00:00
10,4,Milling Machine,Milling Machine 4-2,2024-10-28,0.833,0.772,0.918,0.59,4.01,2024-10-28 00:00:00
10,4,Milling Machine,Milling Machine 4-2,2024-11-04,0.853,0.882,0.907,0.682,3.53,2024-11-04 00:00:00
10,4,Milling Machine,Milling Machine 4-2,2024-11-11,0.882,0.949,0.973,0.814,2.83,2024-11-11 00:00:00
10,4,Milling Machine,Milling Machine 4-2,2024-11-18,0.925,0.884,0.973,0.796,1.8,2024-11-18 00:00:00
10,4,Milling Machine,Milling Machine 4-2,2024-11-25,0.846,0.906,0.926,0.71,3.7,2024-11-25 00:00:00
10,4,Milling Machine,Milling Machine 4-2,2024-12-02,0.811,0.828,0.995,0.668,4.54,2024-12-02 00:00:00
10,4,Milling Machine,Milling Machine 4-2,2024-12-09,0.846,0.913,0.917,0.708,3.7,2024-12-09 00:00:00
10,4,Milling Machine,Milling Machine 4-2,2024-12-16,0.812,0.946,0.919,0.706,4.51,2024-12-16 00:00:00
10,4,Milling Machine,Milling Machine 4-2,2024-12-23,0.871,0.879,0.91,0.697,3.1,2024-12-23 00:00:00
10,4,Milling Machine,Milling Machine 4-2,2024-12-30,0.897,0.836,0.958,0.718,2.47,2024-12-30 00:00:00
11,4,Milling Machine,Milling Machine 4-3,2024-01-01,0.964,0.893,0.91,0.783,0.86,2024-01-01 00:00:00
11,4,Milling Machine,Milling Machine 4-3,2024-01-08,0.813,0.864,0.924,0.649,4.49,2024-01-08 00:00:00
11,4,Milling Machine,Milling Machine 4-3,2024-01-15,0.88,0.929,0.914,0.747,2.88,2024-01-15 00:00:00
11,4,Milling Machine,Milling Machine 4-3,2024-01-22,0.915,0.937,0.963,0.826,2.04,2024-01-22 00:00:00
11,4,Milling Machine,Milling Machine 4-3,2024-01-29,0.848,0.89,0.986,0.744,3.65,2024-01-29 00:00:00
11,4,Milling Machine,Milling Machine 4-3,2024-02-05,0.903,0.853,0.989,0.762,2.33,2024-02-05 00:00:00
11,4,Milling Machine,Milling Machine 4-3,2024-02-12,0.888,0.837,0.98,0.728,2.69,2024-02-12 00:00:00
11,4,Milling Machine,Milling Machine 4-3,2024-02-19,0.941,0.907,0.951,0.812,1.42,2024-02-19 00:00:00
11,4,Milling Machine,Milling Machine 4-3,2024-02-26,0.801,0.941,0.978,0.737,4.78,2024-02-26 00:00:00
11,4,Milling Machine,Milling Machine 4-3,2024-03-04,0.887,0.863,0.989,0.757,2.71,2024-03-04 00:00:00
11,4,Milling Machine,Milling Machine 4-3,2024-03-11,0.865,0.886,0.938,0.719,3.24,2024-03-11 00:00:00
11,4,Milling Machine,Milling Machine 4-3,2024-03-18,0.914,0.942,0.909,0.783,2.06,2024-03-18 00:00:00
11,4,Milling Machine,Milling Machine 4-3,2024-03-25,0.896,0.942,0.908,0.766,2.5,2024-03-25 00:00:00
11,4,Milling Machine,Milling Machine 4-3,2024-04-01,0.883,0.903,0.962,0.767,2.81,2024-04-01 00:00:00
11,4,Milling Machine,Milling Machine 4-3,2024-04-08,0.832,0.758,0.936,0.59,4.03,2024-04-08 00:00:00
11,4,Milling Machine,Milling Machine 4-3,2024-04-15,0.834,0.889,0.985,0.73,3.98,2024-04-15 00:00:00
11,4,Milling Machine,Milling Machine 4-3,2024-04-22,0.914,0.822,0.908,0.682,2.06,2024-04-22 00:00:00
11,4,Milling Machine,Milling Machine 4-3,2024-04-29,0.914,0.897,0.913,0.749,2.06,2024-04-29 00:00:00
11,4,Milling Machine,Milling Machine 4-3,2024-05-06,0.835,0.894,0.956,0.714,3.96,2024-05-06 00:00:00
11,4,Milling Machine,Milling Machine 4-3,2024-05-13,0.888,0.763,0.951,0.644,2.69,2024-05-13 00:00:00
11,4,Milling Machine,Milling Machine 4-3,2024-05-20,0.855,0.857,0.979,0.717,3.48,2024-05-20 00:00:00
11,4,Milling Machine,Milling Machine 4-3,2024-05-27,0.881,0.949,0.904,0.756,2.86,2024-05-27 00:00:00
11,4,Milling Machine,Milling Machine 4-3,2024-06-03,0.81,0.908,0.904,0.665,4.56,2024-06-03 00:00:00
11,4,Milling Machine,Milling Machine 4-3,2024-06-10,0.821,0.911,0.963,0.72,4.3,2024-06-10 00:00:00
11,4,Milling Machine,Milling Machine 4-3,2024-06-17,0.883,0.886,0.983,0.769,2.81,2024-06-17 00:00:00
11,4,Milling Machine,Milling Machine 4-3,2024-06-24,0.827,0.866,0.988,0.708,4.15,2024-06-24 00:00:00
11,4,Milling Machine,Milling Machine 4-3,2024-07-01,0.807,0.778,0.962,0.604,4.63,2024-07-01 00:00:00
11,4,Milling Machine,Milling Machine 4-3,2024-07-08,0.885,0.934,0.904,0.747,2.76,2024-07-08 00:00:00
11,4,Milling Machine,Milling Machine 4-3,2024-07-15,0.926,0.776,0.916,0.658,1.78,2024-07-15 00:00:00
11,4,Milling Machine,Milling Machine 4-3,2024-07-22,0.809,0.811,0.975,0.64,4.58,2024-07-22 00:00:00
11,4,Milling Machine,Milling Machine 4-3,2024-07-29,0.882,0.784,0.956,0.661,2.83,2024-07-29 00:00:00
11,4,Milling Machine,Milling Machine 4-3,2024-08-05,0.947,0.771,0.947,0.691,1.27,2024-08-05 00:00:00
11,4,Milling Machine,Milling Machine 4-3,2024-08-12,0.944,0.794,0.976,0.732,1.34,2024-08-12 00:00:00
11,4,Milling Machine,Milling Machine 4-3,2024-08-19,0.877,0.912,0.993,0.794,2.95,2024-08-19 00:00:00
11,4,Milling Machine,Milling Machine 4-3,2024-08-26,0.922,0.815,0.993,0.746,1.87,2024-08-26 00:00:00
11,4,Milling Machine,Milling Machine 4-3,2024-09-02,0.904,0.777,0.979,0.688,2.3,2024-09-02 00:00:00
11,4,Milling Machine,Milling Machine 4-3,2024-09-09,0.943,0.903,0.956,0.814,1.37,2024-09-09 00:00:00
11,4,Milling Machine,Milling Machine 4-3,2024-09-16,0.86,0.774,0.913,0.608,3.36,2024-09-16 00:00:00
11,4,Milling Machine,Milling Machine 4-3,2024-09-23,0.875,0.889,0.953,0.741,3.0,2024-09-23 00:00:00
11,4,Milling Machine,Milling Machine 4-3,2024-09-30,0.879,0.935,0.904,0.743,2.9,2024-09-30 00:00:00
11,4,Milling Machine,Milling Machine 4-3,2024-10-07,0.818,0.919,0.958,0.72,4.37,2024-10-07 00:00:00
11,4,Milling Machine,Milling Machine 4-3,2024-10-14,0.94,0.753,0.946,0.67,1.44,2024-10-14 00:00:00
11,4,Milling Machine,Milling Machine 4-3,2024-10-21,0.801,0.786,0.908,0.572,4.78,2024-10-21 00:00:00
11,4,Milling Machine,Milling Machine 4-3,2024-10-28,0.917,0.927,0.94,0.799,1.99,2024-10-28 00:00:00
11,4,Milling Machine,Milling Machine 4-3,2024-11-04,0.945,0.905,0.966,0.826,1.32,2024-11-04 00:00:00
11,4,Milling Machine,Milling Machine 4-3,2024-11-11,0.837,0.878,0.95,0.698,3.91,2024-11-11 00:00:00
11,4,Milling Machine,Milling Machine 4-3,2024-11-18,0.874,0.938,0.958,0.785,3.02,2024-11-18 00:00:00
11,4,Milling Machine,Milling Machine 4-3,2024-11-25,0.807,0.786,0.947,0.601,4.63,2024-11-25 00:00:00
11,4,Milling Machine,Milling Machine 4-3,2024-12-02,0.971,0.875,0.974,0.828,0.7,2024-12-02 00:00:00
11,4,Milling Machine,Milling Machine 4-3,2024-12-09,0.863,0.751,0.922,0.598,3.29,2024-12-09 00:00:00
11,4,Milling Machine,Milling Machine 4-3,2024-12-16,0.821,0.856,0.909,0.639,4.3,2024-12-16 00:00:00
11,4,Milling Machine,Milling Machine 4-3,2024-12-23,0.865,0.902,0.951,0.742,3.24,2024-12-23 00:00:00
11,4,Milling Machine,Milling Machine 4-3,2024-12-30,0.839,0.904,0.963,0.73,3.86,2024-12-30 00:00:00
12,5,CNC Lathe,CNC Lathe 5-1,2024-01-01,0.835,0.909,0.965,0.732,3.96,2024-01-01 00:00:00
12,5,CNC Lathe,CNC Lathe 5-1,2024-01-08,0.974,0.845,0.917,0.755,0.62,2024-01-08 00:00:00
12,5,CNC Lathe,CNC Lathe 5-1,2024-01-15,0.921,0.759,0.961,0.672,1.9,2024-01-15 00:00:00
12,5,CNC Lathe,CNC Lathe 5-1,2024-01-22,0.851,0.837,0.932,0.664,3.58,2024-01-22 00:00:00
12,5,CNC Lathe,CNC Lathe 5-1,2024-01-29,0.945,0.902,0.904,0.771,1.32,2024-01-29 00:00:00
12,5,CNC Lathe,CNC Lathe 5-1,2024-02-05,0.933,0.935,0.917,0.8,1.61,2024-02-05 00:00:00
12,5,CNC Lathe,CNC Lathe 5-1,2024-02-12,0.941,0.847,0.911,0.726,1.42,2024-02-12 00:00:00
12,5,CNC Lathe,CNC Lathe 5-1,2024-02-19,0.961,0.894,0.956,0.821,0.94,2024-02-19 00:00:00
12,5,CNC Lathe,CNC Lathe 5-1,2024-02-26,0.859,0.79,0.964,0.654,3.38,2024-02-26 00:00:00
12,5,CNC Lathe,CNC Lathe 5-1,2024-03-04,0.859,0.906,0.931,0.725,3.38,2024-03-04 00:00:00
12,5,CNC Lathe,CNC Lathe 5-1,2024-03-11,0.818,0.898,0.983,0.722,4.37,2024-03-11 00:00:00
12,5,CNC Lathe,CNC Lathe 5-1,2024-03-18,0.868,0.794,0.945,0.651,3.17,2024-03-18 00:00:00
12,5,CNC Lathe,CNC Lathe 5-1,2024-03-25,0.887,0.928,0.914,0.752,2.71,2024-03-25 00:00:00
12,5,CNC Lathe,CNC Lathe 5-1,2024-04-01,0.967,0.841,0.937,0.762,0.79,2024-04-01 00:00:00
12,5,CNC Lathe,CNC Lathe 5-1,2024-04-08,0.825,0.894,0.96,0.708,4.2,2024-04-08 00:00:00
12,5,CNC Lathe,CNC Lathe 5-1,2024-04-15,0.976,0.79,0.912,0.703,0.58,2024-04-15 00:00:00
12,5,CNC Lathe,CNC Lathe 5-1,2024-04-22,0.925,0.762,0.913,0.644,1.8,2024-04-22 00:00:00
12,5,CNC Lathe,CNC Lathe 5-1,2024-04-29,0.953,0.842,0.916,0.735,1.13,2024-04-29 00:00:00
12,5,CNC Lathe,CNC Lathe 5-1,2024-05-06,0.862,0.927,0.957,0.765,3.31,2024-05-06 00:00:00
12,5,CNC Lathe,CNC Lathe 5-1,2024-05-13,0.942,0.878,0.958,0.792,1.39,2024-05-13 00:00:00
12,5,CNC Lathe,CNC Lathe 5-1,2024-05-20,0.831,0.944,0.981,0.77,4.06,2024-05-20 00:00:00
12,5,CNC Lathe,CNC Lathe 5-1,2024-05-27,0.816,0.921,0.946,0.711,4.42,2024-05-27 00:00:00
12,5,CNC Lathe,CNC Lathe 5-1,2024-06-03,0.979,0.868,0.98,0.833,0.5,2024-06-03 00:00:00
12,5,CNC Lathe,CNC Lathe 5-1,2024-06-10,0.85,0.896,0.97,0.739,3.6,2024-06-10 00:00:00
12,5,CNC Lathe,CNC Lathe 5-1,2024-06-17,0.844,0.815,0.955,0.657,3.74,2024-06-17 00:00:00
12,5,CNC Lathe,CNC Lathe 5-1,2024-06-24,0.961,0.868,0.914,0.762,0.94,2024-06-24 00:00:00
12,5,CNC Lathe,CNC Lathe 5-1,2024-07-01,0.903,0.751,0.993,0.673,2.33,2024-07-01 00:00:00
12,5,CNC Lathe,CNC Lathe 5-1,2024-07-08,0.807,0.844,0.973,0.663,4.63,2024-07-08 00:00:00
12,5,CNC Lathe,CNC Lathe 5-1,2024-07-15,0.806,0.856,0.946,0.653,4.66,2024-07-15 00:00:00
12,5,CNC Lathe,CNC Lathe 5-1,2024-07-22,0.944,0.914,0.943,0.814,1.34,2024-07-22 00:00:00
12,5,CNC Lathe,CNC Lathe 5-1,2024-07-29,0.843,0.862,0.901,0.655,3.77,2024-07-29 00:00:00
12,5,CNC Lathe,CNC Lathe 5-1,2024-08-05,0.932,0.94,0.913,0.8,1.63,2024-08-05 00:00:00
12,5,CNC Lathe,CNC Lathe 5-1,2024-08-12,0.853,0.88,0.909,0.682,3.53,2024-08-12 00:00:00
12,5,CNC Lathe,CNC Lathe 5-1,2024-08-19,0.886,0.811,0.967,0.695,2.74,2024-08-19 00:00:00
12,5,CNC Lathe,CNC Lathe 5-1,2024-08-26,0.954,0.899,0.902,0.774,1.1,2024-08-26 00:00:00
12,5,CNC Lathe,CNC Lathe 5-1,2024-09-02,0.882,0.904,0.983,0.784,2.83,2024-09-02 00:00:00
12,5,CNC Lathe,CNC Lathe 5-1,2024-09-09,0.873,0.908,0.935,0.741,3.05,2024-09-09 00:00:00
12,5,CNC Lathe,CNC Lathe 5-1,2024-09-16,0.884,0.877,0.982,0.761,2.78,2024-09-16 00:00:00
12,5,CNC Lathe,CNC Lathe 5-1,2024-09-23,0.813,0.929,0.932,0.704,4.49,2024-09-23 00:00:00
12,5,CNC Lathe,CNC Lathe 5-1,2024-09-30,0.806,0.835,0.926,0.623,4.66,2024-09-30 00:00:00
12,5,CNC Lathe,CNC Lathe 5-1,2024-10-07,0.97,0.858,0.975,0.811,0.72,2024-10-07 00:00:00
12,5,CNC Lathe,CNC Lathe 5-1,2024-10-14,0.942,0.766,0.984,0.71,1.39,2024-10-14 00:00:00
12,5,CNC Lathe,CNC Lathe 5-1,2024-10-21,0.932,0.761,0.99,0.702,1.63,2024-10-21 00:00:00
12,5,CNC Lathe,CNC Lathe 5-1,2024-10-28,0.921,0.928,0.911,0.779,1.9,2024-10-28 00:00:00
12,5,CNC Lathe,CNC Lathe 5-1,2024-11-04,0.866,0.874,0.935,0.708,3.22,2024-11-04 00:00:00
12,5,CNC Lathe,CNC Lathe 5-1,2024-11-11,0.832,0.862,0.906,0.65,4.03,2024-11-11 00:00:00
12,5,CNC Lathe,CNC Lathe 5-1,2024-11-18,0.928,0.791,0.993,0.729,1.73,2024-11-18 00:00:00
12,5,CNC Lathe,CNC Lathe 5-1,2024-11-25,0.843,0.773,0.945,0.616,3.77,2024-11-25 00:00:00
12,5,CNC Lathe,CNC Lathe 5-1,2024-12-02,0.969,0.866,0.991,0.832,0.74,2024-12-02 00:00:00
12,5,CNC Lathe,CNC Lathe 5-1,2024-12-09,0.838,0.899,0.921,0.694,3.89,2024-12-09 00:00:00
12,5,CNC Lathe,CNC Lathe 5-1,2024-12-16,0.863,0.803,0.965,0.669,3.29,2024-12-16 00:00:00
12,5,CNC Lathe,CNC Lathe 5-1,2024-12-23,0.85,0.763,0.933,0.605,3.6,2024-12-23 00:00:00
12,5,CNC Lathe,CNC Lathe 5-1,2024-12-30,0.888,0.855,0.912,0.692,2.69,2024-12-30 00:00:00
13,5,Welding Station,Welding Station 5-2,2024-01-01,0.896,0.915,0.985,0.808,2.5,2024-01-01 00:00:00
13,5,Welding Station,Welding Station 5-2,2024-01-08,0.881,0.824,0.964,0.7,2.86,2024-01-08 00:00:00
13,5,Welding Station,Welding Station 5-2,2024-01-15,0.925,0.946,0.984,0.861,1.8,2024-01-15 00:00:00
13,5,Welding Station,Welding Station 5-2,2024-01-22,0.834,0.927,0.908,0.702,3.98,2024-01-22 00:00:00
13,5,Welding Station,Welding Station 5-2,2024-01-29,0.87,0.786,0.991,0.678,3.12,2024-01-29 00:00:00
13,5,Welding Station,Welding Station 5-2,2024-02-05,0.814,0.783,0.911,0.581,4.46,2024-02-05 00:00:00
13,5,Welding Station,Welding Station 5-2,2024-02-12,0.827,0.78,0.919,0.593,4.15,2024-02-12 00:00:00
13,5,Welding Station,Welding Station 5-2,2024-02-19,0.971,0.755,0.94,0.689,0.7,2024-02-19 00:00:00
13,5,Welding Station,Welding Station 5-2,2024-02-26,0.923,0.936,0.945,0.816,1.85,2024-02-26 00:00:00
13,5,Welding Station,Welding Station 5-2,2024-03-04,0.876,0.898,0.902,0.71,2.98,2024-03-04 00:00:00
13,5,Welding Station,Welding Station 5-2,2024-03-11,0.834,0.754,0.976,0.614,3.98,2024-03-11 00:00:00
13,5,Welding Station,Welding Station 5-2,2024-03-18,0.95,0.854,0.932,0.756,1.2,2024-03-18 00:00:00
13,5,Welding Station,Welding Station 5-2,2024-03-25,0.904,0.881,0.975,0.777,2.3,2024-03-25 00:00:00
13,5,Welding Station,Welding Station 5-2,2024-04-01,0.888,0.883,0.95,0.745,2.69,2024-04-01 00:00:00
13,5,Welding Station,Welding Station 5-2,2024-04-08,0.899,0.842,0.954,0.722,2.42,2024-04-08 00:00:00
13,5,Welding Station,Welding Station 5-2,2024-04-15,0.962,0.811,0.975,0.761,0.91,2024-04-15 00:00:00
13,5,Welding Station,Welding Station 5-2,2024-04-22,0.841,0.824,0.927,0.642,3.82,2024-04-22 00:00:00
13,5,Welding Station,Welding Station 5-2,2024-04-29,0.952,0.78,0.927,0.688,1.15,2024-04-29 00:00:00
13,5,Welding Station,Welding Station 5-2,2024-05-06,0.972,0.874,0.915,0.777,0.67,2024-05-06 00:00:00
13,5,Welding Station,Welding Station 5-2,2024-05-13,0.896,0.786,0.917,0.646,2.5,2024-05-13 00:00:00
13,5,Welding Station,Welding Station 5-2,2024-05-20,0.927,0.931,0.975,0.841,1.75,2024-05-20 00:00:00
13,5,Welding Station,Welding Station 5-2,2024-05-27,0.829,0.773,0.994,0.637,4.1,2024-05-27 00:00:00
13,5,Welding Station,Welding Station 5-2,2024-06-03,0.903,0.838,0.935,0.708,2.33,2024-06-03 00:00:00
13,5,Welding Station,Welding Station 5-2,2024-06-10,0.837,0.891,0.963,0.718,3.91,2024-06-10 00:00:00
13,5,Welding Station,Welding Station 5-2,2024-06-17,0.976,0.78,0.943,0.718,0.58,2024-06-17 00:00:00
13,5,Welding Station,Welding Station 5-2,2024-06-24,0.976,0.857,0.912,0.763,0.58,2024-06-24 00:00:00
13,5,Welding Station,Welding Station 5-2,2024-07-01,0.804,0.936,0.973,0.732,4.7,2024-07-01 00:00:00
13,5,Welding Station,Welding Station 5-2,2024-07-08,0.971,0.936,0.915,0.832,0.7,2024-07-08 00:00:00
13,5,Welding Station,Welding Station 5-2,2024-07-15,0.975,0.859,0.948,0.794,0.6,2024-07-15 00:00:00
13,5,Welding Station,Welding Station 5-2,2024-07-22,0.917,0.809,0.985,0.731,1.99,2024-07-22 00:00:00
13,5,Welding Station,Welding Station 5-2,2024-07-29,0.975,0.901,0.994,0.873,0.6,2024-07-29 00:00:00
13,5,Welding Station,Welding Station 5-2,2024-08-05,0.92,0.91,0.969,0.811,1.92,2024-08-05 00:00:00
13,5,Welding Station,Welding Station 5-2,2024-08-12,0.966,0.818,0.911,0.72,0.82,2024-08-12 00:00:00
13,5,Welding Station,Welding Station 5-2,2024-08-19,0.886,0.758,0.964,0.647,2.74,2024-08-19 00:00:00
13,5,Welding Station,Welding Station 5-2,2024-08-26,0.821,0.755,0.959,0.594,4.3,2024-08-26 00:00:00
13,5,Welding Station,Welding Station 5-2,2024-09-02,0.84,0.821,0.931,0.642,3.84,2024-09-02 00:00:00
13,5,Welding Station,Welding Station 5-2,2024-09-09,0.909,0.789,0.95,0.681,2.18,2024-09-09 00:00:00
13,5,Welding Station,Welding Station 5-2,2024-09-16,0.941,0.903,0.919,0.781,1.42,2024-09-16 00:00:00
13,5,Welding Station,Welding Station 5-2,2024-09-23,0.815,0.92,0.964,0.723,4.44,2024-09-23 00:00:00
13,5,Welding Station,Welding Station 5-2,2024-09-30,0.972,0.945,0.937,0.861,0.67,2024-09-30 00:00:00
13,5,Welding Station,Welding Station 5-2,2024-10-07,0.888,0.871,0.949,0.734,2.69,2024-10-07 00:00:00
13,5,Welding Station,Welding Station 5-2,2024-10-14,0.81,0.883,0.938,0.671,4.56,2024-10-14 00:00:00
13,5,Welding Station,Welding Station 5-2,2024-10-21,0.929,0.836,0.937,0.728,1.7,2024-10-21 00:00:00
13,5,Welding Station,Welding Station 5-2,2024-10-28,0.802,0.819,0.929,0.61,4.75,2024-10-28 00:00:00
13,5,Welding Station,Welding Station 5-2,2024-11-04,0.88,0.862,0.92,0.698,2.88,2024-11-04 00:00:00
13,5,Welding Station,Welding Station 5-2,2024-11-11,0.96,0.898,0.939,0.809,0.96,2024-11-11 00:00:00
13,5,Welding Station,Welding Station 5-2,2024-11-18,0.88,0.783,0.969,0.668,2.88,2024-11-18 00:00:00
13,5,Welding Station,Welding Station 5-2,2024-11-25,0.962,0.896,0.939,0.809,0.91,2024-11-25 00:00:00
13,5,Welding Station,Welding Station 5-2,2024-12-02,0.95,0.87,0.914,0.755,1.2,2024-12-02 00:00:00
13,5,Welding Station,Welding Station 5-2,2024-12-09,0.855,0.948,0.95,0.77,3.48,2024-12-09 00:00:00
13,5,Welding Station,Welding Station 5-2,2024-12-16,0.86,0.937,0.956,0.77,3.36,2024-12-16 00:00:00
13,5,Welding Station,Welding Station 5-2,2024-12-23,0.868,0.751,0.961,0.626,3.17,2024-12-23 00:00:00
13,5,Welding Station,Welding Station 5-2,2024-12-30,0.849,0.785,0.944,0.629,3.62,2024-12-30 00:00:00
14,5,Packaging Machine,Packaging Machine 5-3,2024-01-01,0.936,0.777,0.918,0.668,1.54,2024-01-01 00:00:00
14,5,Packaging Machine,Packaging Machine 5-3,2024-01-08,0.869,0.861,0.904,0.676,3.14,2024-01-08 00:00:00
14,5,Packaging Machine,Packaging Machine 5-3,2024-01-15,0.949,0.917,0.929,0.808,1.22,2024-01-15 00:00:00
14,5,Packaging Machine,Packaging Machine 5-3,2024-01-22,0.901,0.843,0.903,0.686,2.38,2024-01-22 00:00:00
14,5,Packaging Machine,Packaging Machine 5-3,2024-01-29,0.8,0.803,0.991,0.637,4.8,2024-01-29 00:00:00
14,5,Packaging Machine,Packaging Machine 5-3,2024-02-05,0.95,0.845,0.962,0.772,1.2,2024-02-05 00:00:00
14,5,Packaging Machine,Packaging Machine 5-3,2024-02-12,0.961,0.833,0.947,0.758,0.94,2024-02-12 00:00:00
14,5,Packaging Machine,Packaging Machine 5-3,2024-02-19,0.924,0.799,0.911,0.673,1.82,2024-02-19 00:00:00
14,5,Packaging Machine,Packaging Machine 5-3,2024-02-26,0.85,0.949,0.906,0.731,3.6,2024-02-26 00:00:00
14,5,Packaging Machine,Packaging Machine 5-3,2024-03-04,0.934,0.866,0.954,0.772,1.58,2024-03-04 00:00:00
14,5,Packaging Machine,Packaging Machine 5-3,2024-03-11,0.956,0.876,0.945,0.791,1.06,2024-03-11 00:00:00
14,5,Packaging Machine,Packaging Machine 5-3,2024-03-18,0.925,0.774,0.949,0.679,1.8,2024-03-18 00:00:00
14,5,Packaging Machine,Packaging Machine 5-3,2024-03-25,0.904,0.919,0.915,0.76,2.3,2024-03-25 00:00:00
14,5,Packaging Machine,Packaging Machine 5-3,2024-04-01,0.811,0.814,0.983,0.649,4.54,2024-04-01 00:00:00
14,5,Packaging Machine,Packaging Machine 5-3,2024-04-08,0.824,0.783,0.926,0.597,4.22,2024-04-08 00:00:00
14,5,Packaging Machine,Packaging Machine 5-3,2024-04-15,0.876,0.932,0.934,0.763,2.98,2024-04-15 00:00:00
14,5,Packaging Machine,Packaging Machine 5-3,2024-04-22,0.852,0.856,0.989,0.721,3.55,2024-04-22 00:00:00
14,5,Packaging Machine,Packaging Machine 5-3,2024-04-29,0.892,0.903,0.917,0.739,2.59,2024-04-29 00:00:00
14,5,Packaging Machine,Packaging Machine 5-3,2024-05-06,0.817,0.901,0.952,0.701,4.39,2024-05-06 00:00:00
14,5,Packaging Machine,Packaging Machine 5-3,2024-05-13,0.957,0.915,0.965,0.845,1.03,2024-05-13 00:00:00
14,5,Packaging Machine,Packaging Machine 5-3,2024-05-20,0.854,0.887,0.965,0.731,3.5,2024-05-20 00:00:00
14,5,Packaging Machine,Packaging Machine 5-3,2024-05-27,0.817,0.866,0.978,0.692,4.39,2024-05-27 00:00:00
14,5,Packaging Machine,Packaging Machine 5-3,2024-06-03,0.802,0.854,0.935,0.64,4.75,2024-06-03 00:00:00
14,5,Packaging Machine,Packaging Machine 5-3,2024-06-10,0.887,0.818,0.987,0.716,2.71,2024-06-10 00:00:00
14,5,Packaging Machine,Packaging Machine 5-3,2024-06-17,0.818,0.781,0.921,0.588,4.37,2024-06-17 00:00:00
14,5,Packaging Machine,Packaging Machine 5-3,2024-06-24,0.834,0.929,0.958,0.742,3.98,2024-06-24 00:00:00
14,5,Packaging Machine,Packaging Machine 5-3,2024-07-01,0.95,0.855,0.951,0.772,1.2,2024-07-01 00:00:00
14,5,Packaging Machine,Packaging Machine 5-3,2024-07-08,0.899,0.901,0.911,0.738,2.42,2024-07-08 00:00:00
14,5,Packaging Machine,Packaging Machine 5-3,2024-07-15,0.883,0.765,0.978,0.661,2.81,2024-07-15 00:00:00
14,5,Packaging Machine,Packaging Machine 5-3,2024-07-22,0.966,0.846,0.93,0.76,0.82,2024-07-22 00:00:00
14,5,Packaging Machine,Packaging Machine 5-3,2024-07-29,0.865,0.913,0.985,0.778,3.24,2024-07-29 00:00:00
14,5,Packaging Machine,Packaging Machine 5-3,2024-08-05,0.908,0.903,0.932,0.764,2.21,2024-08-05 00:00:00
14,5,Packaging Machine,Packaging Machine 5-3,2024-08-12,0.928,0.756,0.977,0.685,1.73,2024-08-12 00:00:00
14,5,Packaging Machine,Packaging Machine 5-3,2024-08-19,0.84,0.921,0.914,0.707,3.84,2024-08-19 00:00:00
14,5,Packaging Machine,Packaging Machine 5-3,2024-08-26,0.841,0.775,0.912,0.594,3.82,2024-08-26 00:00:00
14,5,Packaging Machine,Packaging Machine 5-3,2024-09-02,0.814,0.888,0.974,0.704,4.46,2024-09-02 00:00:00
14,5,Packaging Machine,Packaging Machine 5-3,2024-09-09,0.814,0.905,0.972,0.716,4.46,2024-09-09 00:00:00
14,5,Packaging Machine,Packaging Machine 5-3,2024-09-16,0.808,0.772,0.975,0.608,4.61,2024-09-16 00:00:00
14,5,Packaging Machine,Packaging Machine 5-3,2024-09-23,0.892,0.762,0.911,0.619,2.59,2024-09-23 00:00:00
14,5,Packaging Machine,Packaging Machine 5-3,2024-09-30,0.846,0.763,0.963,0.622,3.7,2024-09-30 00:00:00
14,5,Packaging Machine,Packaging Machine 5-3,2024-10-07,0.936,0.906,0.987,0.837,1.54,2024-10-07 00:00:00
14,5,Packaging Machine,Packaging Machine 5-3,2024-10-14,0.837,0.93,0.918,0.715,3.91,2024-10-14 00:00:00
14,5,Packaging Machine,Packaging Machine 5-3,2024-10-21,0.863,0.768,0.98,0.65,3.29,2024-10-21 00:00:00
14,5,Packaging Machine,Packaging Machine 5-3,2024-10-28,0.97,0.94,0.933,0.851,0.72,2024-10-28 00:00:00
14,5,Packaging Machine,Packaging Machine 5-3,2024-11-04,0.829,0.85,0.969,0.683,4.1,2024-11-04 00:00:00
14,5,Packaging Machine,Packaging Machine 5-3,2024-11-11,0.844,0.864,0.909,0.663,3.74,2024-11-11 00:00:00
14,5,Packaging Machine,Packaging Machine 5-3,2024-11-18,0.904,0.753,0.921,0.627,2.3,2024-11-18 00:00:00
14,5,Packaging Machine,Packaging Machine 5-3,2024-11-25,0.834,0.806,0.986,0.663,3.98,2024-11-25 00:00:00
14,5,Packaging Machine,Packaging Machine 5-3,2024-12-02,0.897,0.945,0.909,0.771,2.47,2024-12-02 00:00:00
14,5,Packaging Machine,Packaging Machine 5-3,2024-12-09,0.839,0.851,0.967,0.69,3.86,2024-12-09 00:00:00
14,5,Packaging Machine,Packaging Machine 5-3,2024-12-16,0.866,0.868,0.942,0.708,3.22,2024-12-16 00:00:00
14,5,Packaging Machine,Packaging Machine 5-3,2024-12-23,0.972,0.786,0.934,0.714,0.67,2024-12-23 00:00:00
14,5,Packaging Machine,Packaging Machine 5-3,2024-12-30,0.868,0.793,0.922,0.635,3.17,2024-12-30 00:00:00
15,6,Laser Cutter,Laser Cutter 6-1,2024-01-01,0.822,0.772,0.913,0.579,4.27,2024-01-01 00:00:00
15,6,Laser Cutter,Laser Cutter 6-1,2024-01-08,0.937,0.891,0.953,0.796,1.51,2024-01-08 00:00:00
15,6,Laser Cutter,Laser Cutter 6-1,2024-01-15,0.807,0.816,0.911,0.6,4.63,2024-01-15 00:00:00
15,6,Laser Cutter,Laser Cutter 6-1,2024-01-22,0.851,0.87,0.93,0.689,3.58,2024-01-22 00:00:00
15,6,Laser Cutter,Laser Cutter 6-1,2024-01-29,0.976,0.839,0.953,0.78,0.58,2024-01-29 00:00:00
15,6,Laser Cutter,Laser Cutter 6-1,2024-02-05,0.852,0.921,0.918,0.72,3.55,2024-02-05 00:00:00
15,6,Laser Cutter,Laser Cutter 6-1,2024-02-12,0.813,0.918,0.945,0.705,4.49,2024-02-12 00:00:00
15,6,Laser Cutter,Laser Cutter 6-1,2024-02-19,0.922,0.786,0.995,0.721,1.87,2024-02-19 00:00:00
15,6,Laser Cutter,Laser Cutter 6-1,2024-02-26,0.888,0.771,0.942,0.645,2.69,2024-02-26 00:00:00
15,6,Laser Cutter,Laser Cutter 6-1,2024-03-04,0.919,0.767,0.914,0.644,1.94,2024-03-04 00:00:00
15,6,Laser Cutter,Laser Cutter 6-1,2024-03-11,0.872,0.868,0.91,0.689,3.07,2024-03-11 00:00:00
15,6,Laser Cutter,Laser Cutter 6-1,2024-03-18,0.967,0.946,0.906,0.829,0.79,2024-03-18 00:00:00
15,6,Laser Cutter,Laser Cutter 6-1,2024-03-25,0.976,0.818,0.957,0.764,0.58,2024-03-25 00:00:00
15,6,Laser Cutter,Laser Cutter 6-1,2024-04-01,0.978,0.775,0.98,0.743,0.53,2024-04-01 00:00:00
15,6,Laser Cutter,Laser Cutter 6-1,2024-04-08,0.931,0.806,0.968,0.726,1.66,2024-04-08 00:00:00
15,6,Laser Cutter,Laser Cutter 6-1,2024-04-15,0.905,0.805,0.975,0.71,2.28,2024-04-15 00:00:00
15,6,Laser Cutter,Laser Cutter 6-1,2024-04-22,0.916,0.83,0.945,0.718,2.02,2024-04-22 00:00:00
15,6,Laser Cutter,Laser Cutter 6-1,2024-04-29,0.909,0.831,0.946,0.715,2.18,2024-04-29 00:00:00
15,6,Laser Cutter,Laser Cutter 6-1,2024-05-06,0.85,0.904,0.91,0.699,3.6,2024-05-06 00:00:00
15,6,Laser Cutter,Laser Cutter 6-1,2024-05-13,0.845,0.849,0.96,0.689,3.72,2024-05-13 00:00:00
15,6,Laser Cutter,Laser Cutter 6-1,2024-05-20,0.824,0.77,0.905,0.574,4.22,2024-05-20 00:00:00
15,6,Laser Cutter,Laser Cutter 6-1,2024-05-27,0.812,0.886,0.992,0.714,4.51,2024-05-27 00:00:00
15,6,Laser Cutter,Laser Cutter 6-1,2024-06-03,0.869,0.886,0.915,0.704,3.14,2024-06-03 00:00:00
15,6,Laser Cutter,Laser Cutter 6-1,2024-06-10,0.912,0.769,0.907,0.636,2.11,2024-06-10 00:00:00
15,6,Laser Cutter,Laser Cutter 6-1,2024-06-17,0.935,0.904,0.975,0.824,1.56,2024-06-17 00:00:00
15,6,Laser Cutter,Laser Cutter 6-1,2024-06-24,0.836,0.882,0.947,0.698,3.94,2024-06-24 00:00:00
15,6,Laser Cutter,Laser Cutter 6-1,2024-07-01,0.847,0.819,0.982,0.681,3.67,2024-07-01 00:00:00
15,6,Laser Cutter,Laser Cutter 6-1,2024-07-08,0.898,0.941,0.903,0.763,2.45,2024-07-08 00:00:00
15,6,Laser Cutter,Laser Cutter 6-1,2024-07-15,0.877,0.933,0.936,0.766,2.95,2024-07-15 00:00:00
15,6,Laser Cutter,Laser Cutter 6-1,2024-07-22,0.857,0.825,0.944,0.667,3.43,2024-07-22 00:00:00
15,6,Laser Cutter,Laser Cutter 6-1,2024-07-29,0.806,0.861,0.982,0.681,4.66,2024-07-29 00:00:00
15,6,Laser Cutter,Laser Cutter 6-1,2024-08-05,0.855,0.891,0.947,0.721,3.48,2024-08-05 00:00:00
15,6,Laser Cutter,Laser Cutter 6-1,2024-08-12,0.824,0.893,0.946,0.696,4.22,2024-08-12 00:00:00
15,6,Laser Cutter,Laser Cutter 6-1,2024-08-19,0.82,0.885,0.963,0.699,4.32,2024-08-19 00:00:00
15,6,Laser Cutter,Laser Cutter 6-1,2024-08-26,0.923,0.864,0.945,0.754,1.85,2024-08-26 00:00:00
15,6,Laser Cutter,Laser Cutter 6-1,2024-09-02,0.954,0.851,0.937,0.761,1.1,2024-09-02 00:00:00
15,6,Laser Cutter,Laser Cutter 6-1,2024-09-09,0.889,0.944,0.959,0.805,2.66,2024-09-09 00:00:00
15,6,Laser Cutter,Laser Cutter 6-1,2024-09-16,0.863,0.946,0.93,0.759,3.29,2024-09-16 00:00:00
15,6,Laser Cutter,Laser Cutter 6-1,2024-09-23,0.805,0.759,0.98,0.599,4.68,2024-09-23 00:00:00
15,6,Laser Cutter,Laser Cutter 6-1,2024-09-30,0.863,0.898,0.903,0.7,3.29,2024-09-30 00:00:00
15,6,Laser Cutter,Laser Cutter 6-1,2024-10-07,0.96,0.818,0.909,0.714,0.96,2024-10-07 00:00:00
15,6,Laser Cutter,Laser Cutter 6-1,2024-10-14,0.862,0.821,0.933,0.66,3.31,2024-10-14 00:00:00
15,6,Laser Cutter,Laser Cutter 6-1,2024-10-21,0.919,0.8,0.962,0.707,1.94,2024-10-21 00:00:00
15,6,Laser Cutter,Laser Cutter 6-1,2024-10-28,0.907,0.932,0.906,0.766,2.23,2024-10-28 00:00:00
15,6,Laser Cutter,Laser Cutter 6-1,2024-11-04,0.855,0.818,0.902,0.631,3.48,2024-11-04 00:00:00
15,6,Laser Cutter,Laser Cutter 6-1,2024-11-11,0.859,0.842,0.982,0.71,3.38,2024-11-11 00:00:00
15,6,Laser Cutter,Laser Cutter 6-1,2024-11-18,0.902,0.93,0.925,0.776,2.35,2024-11-18 00:00:00
15,6,Laser Cutter,Laser Cutter 6-1,2024-11-25,0.925,0.868,0.994,0.798,1.8,2024-11-25 00:00:00
15,6,Laser Cutter,Laser Cutter 6-1,2024-12-02,0.868,0.828,0.954,0.686,3.17,2024-12-02 00:00:00
15,6,Laser Cutter,Laser Cutter 6-1,2024-12-09,0.945,0.77,0.964,0.701,1.32,2024-12-09 00:00:00
15,6,Laser Cutter,Laser Cutter 6-1,2024-12-16,0.86,0.851,0.973,0.712,3.36,2024-12-16 00:00:00
15,6,Laser Cutter,Laser Cutter 6-1,2024-12-23,0.861,0.873,0.935,0.703,3.34,2024-12-23 00:00:00
15,6,Laser Cutter,Laser Cutter 6-1,2024-12-30,0.878,0.849,0.98,0.731,2.93,2024-12-30 00:00:00
16,6,Milling Machine,Milling Machine 6-2,2024-01-01,0.951,0.857,0.927,0.756,1.18,2024-01-01 00:00:00
16,6,Milling Machine,Milling Machine 6-2,2024-01-08,0.809,0.949,0.938,0.72,4.58,2024-01-08 00:00:00
16,6,Milling Machine,Milling Machine 6-2,2024-01-15,0.841,0.899,0.909,0.687,3.82,2024-01-15 00:00:00
16,6,Milling Machine,Milling Machine 6-2,2024-01-22,0.952,0.769,0.932,0.682,1.15,2024-01-22 00:00:00
16,6,Milling Machine,Milling Machine 6-2,2024-01-29,0.812,0.91,0.945,0.698,4.51,2024-01-29 00:00:00
16,6,Milling Machine,Milling Machine 6-2,2024-02-05,0.838,0.909,0.962,0.733,3.89,2024-02-05 00:00:00
16,6,Milling Machine,Milling Machine 6-2,2024-02-12,0.854,0.911,0.941,0.732,3.5,2024-02-12 00:00:00
16,6,Milling Machine,Milling Machine 6-2,2024-02-19,0.897,0.79,0.938,0.665,2.47,2024-02-19 00:00:00
16,6,Milling Machine,Milling Machine 6-2,2024-02-26,0.912,0.841,0.973,0.746,2.11,2024-02-26 00:00:00
16,6,Milling Machine,Milling Machine 6-2,2024-03-04,0.833,0.754,0.967,0.607,4.01,2024-03-04 00:00:00
16,6,Milling Machine,Milling Machine 6-2,2024-03-11,0.955,0.865,0.92,0.76,1.08,2024-03-11 00:00:00
16,6,Milling Machine,Milling Machine 6-2,2024-03-18,0.973,0.898,0.944,0.825,0.65,2024-03-18 00:00:00
16,6,Milling Machine,Milling Machine 6-2,2024-03-25,0.969,0.857,0.958,0.796,0.74,2024-03-25 00:00:00
16,6,Milling Machine,Milling Machine 6-2,2024-04-01,0.938,0.837,0.954,0.749,1.49,2024-04-01 00:00:00
16,6,Milling Machine,Milling Machine 6-2,2024-04-08,0.913,0.854,0.935,0.729,2.09,2024-04-08 00:00:00
16,6,Milling Machine,Milling Machine 6-2,2024-04-15,0.827,0.78,0.965,0.622,4.15,2024-04-15 00:00:00
16,6,Milling Machine,Milling Machine 6-2,2024-04-22,0.854,0.837,0.93,0.665,3.5,2024-04-22 00:00:00
16,6,Milling Machine,Milling Machine 6-2,2024-04-29,0.949,0.763,0.919,0.665,1.22,2024-04-29 00:00:00
16,6,Milling Machine,Milling Machine 6-2,2024-05-06,0.874,0.915,0.961,0.769,3.02,2024-05-06 00:00:00
16,6,Milling Machine,Milling Machine 6-2,2024-05-13,0.846,0.87,0.939,0.691,3.7,2024-05-13 00:00:00
16,6,Milling Machine,Milling Machine 6-2,2024-05-20,0.82,0.788,0.923,0.596,4.32,2024-05-20 00:00:00
16,6,Milling Machine,Milling Machine 6-2,2024-05-27,0.949,0.843,0.953,0.762,1.22,2024-05-27 00:00:00
16,6,Milling Machine,Milling Machine 6-2,2024-06-03,0.879,0.879,0.904,0.698,2.9,2024-06-03 00:00:00
16,6,Milling Machine,Milling Machine 6-2,2024-06-10,0.829,0.777,0.925,0.596,4.1,2024-06-10 00:00:00
16,6,Milling Machine,Milling Machine 6-2,2024-06-17,0.945,0.882,0.917,0.764,1.32,2024-06-17 00:00:00
16,6,Milling Machine,Milling Machine 6-2,2024-06-24,0.953,0.943,0.946,0.85,1.13,2024-06-24 00:00:00
16,6,Milling Machine,Milling Machine 6-2,2024-07-01,0.804,0.922,0.908,0.673,4.7,2024-07-01 00:00:00
16,6,Milling Machine,Milling Machine 6-2,2024-07-08,0.908,0.923,0.986,0.826,2.21,2024-07-08 00:00:00
16,6,Milling Machine,Milling Machine 6-2,2024-07-15,0.873,0.823,0.962,0.691,3.05,2024-07-15 00:00:00
16,6,Milling Machine,Milling Machine 6-2,2024-07-22,0.816,0.939,0.969,0.742,4.42,2024-07-22 00:00:00
16,6,Milling Machine,Milling Machine 6-2,2024-07-29,0.825,0.772,0.97,0.618,4.2,2024-07-29 00:00:00
16,6,Milling Machine,Milling Machine 6-2,2024-08-05,0.968,0.854,0.979,0.809,0.77,2024-08-05 00:00:00
16,6,Milling Machine,Milling Machine 6-2,2024-08-12,0.971,0.936,0.924,0.84,0.7,2024-08-12 00:00:00
16,6,Milling Machine,Milling Machine 6-2,2024-08-19,0.959,0.798,0.912,0.698,0.98,2024-08-19 00:00:00
16,6,Milling Machine,Milling Machine 6-2,2024-08-26,0.945,0.816,0.956,0.737,1.32,2024-08-26 00:00:00
16,6,Milling Machine,Milling Machine 6-2,2024-09-02,0.87,0.9,0.922,0.722,3.12,2024-09-02 00:00:00
16,6,Milling Machine,Milling Machine 6-2,2024-09-09,0.876,0.779,0.917,0.626,2.98,2024-09-09 00:00:00
16,6,Milling Machine,Milling Machine 6-2,2024-09-16,0.975,0.838,0.924,0.755,0.6,2024-09-16 00:00:00
16,6,Milling Machine,Milling Machine 6-2,2024-09-23,0.906,0.848,0.936,0.719,2.26,2024-09-23 00:00:00
16,6,Milling Machine,Milling Machine 6-2,2024-09-30,0.971,0.813,0.94,0.742,0.7,2024-09-30 00:00:00
16,6,Milling Machine,Milling Machine 6-2,2024-10-07,0.923,0.943,0.984,0.856,1.85,2024-10-07 00:00:00
16,6,Milling Machine,Milling Machine 6-2,2024-10-14,0.969,0.823,0.968,0.772,0.74,2024-10-14 00:00:00
16,6,Milling Machine,Milling Machine 6-2,2024-10-21,0.948,0.754,0.992,0.709,1.25,2024-10-21 00:00:00
16,6,Milling Machine,Milling Machine 6-2,2024-10-28,0.909,0.918,0.963,0.804,2.18,2024-10-28 00:00:00
16,6,Milling Machine,Milling Machine 6-2,2024-11-04,0.969,0.888,0.975,0.839,0.74,2024-11-04 00:00:00
16,6,Milling Machine,Milling Machine 6-2,2024-11-11,0.843,0.861,0.929,0.674,3.77,2024-11-11 00:00:00
16,6,Milling Machine,Milling Machine 6-2,2024-11-18,0.973,0.823,0.977,0.782,0.65,2024-11-18 00:00:00
16,6,Milling Machine,Milling Machine 6-2,2024-11-25,0.822,0.923,0.981,0.744,4.27,2024-11-25 00:00:00
16,6,Milling Machine,Milling Machine 6-2,2024-12-02,0.87,0.932,0.937,0.76,3.12,2024-12-02 00:00:00
16,6,Milling Machine,Milling Machine 6-2,2024-12-09,0.976,0.801,0.909,0.711,0.58,2024-12-09 00:00:00
16,6,Milling Machine,Milling Machine 6-2,2024-12-16,0.948,0.797,0.92,0.695,1.25,2024-12-16 00:00:00
16,6,Milling Machine,Milling Machine 6-2,2024-12-23,0.96,0.933,0.96,0.86,0.96,2024-12-23 00:00:00
16,6,Milling Machine,Milling Machine 6-2,2024-12-30,0.958,0.903,0.939,0.812,1.01,2024-12-30 00:00:00
